date, pm25, pm10, o3, no2, so2, co
2025/1/1, 253, 242, 6, 18, 8, 14
2025/1/2, 273, 301, 2, 18, 6, 13
2025/1/3, 292, 412, 3, 30, 7, 20
2025/1/4, 376, 216, 10, 22, 8, 12
2025/1/5, 254, 203, 6, 22, 6, 13
2025/1/6, 262, 229, 7, 16, 2, 16
2025/1/7, 257, 257, 18, 20, 3, 21
2025/1/8, 262, 451, 12, 28, 5, 36
2025/1/9, 383, 453, 8, 41, 6, 29
2025/1/10, 385, 210, 6, 26, 1, 18
2025/1/11, 250, 204, 9, 31, 2, 21
2025/1/12, 261, 147, 17, 33, 1, 17
2025/1/13, 205, 238, 51, 23, 3, 20
2025/1/14, 596, 528, 31, 28, 6, 31
2025/1/15, 329, 261, 19, 27, 9, 18
2025/1/16, 282, 180, 10, 16, 6, 11
2025/1/17, 216, 192, 15, 15, 5, 13
2025/1/18, 228, 323, 23, 22, 6, 20
2025/1/19, 302, 203, 17, 20, 7, 7
2025/1/20, 222, 153, 30, 30, 7, 9
2025/1/21, 196, 207, 23, 24, 5, 15
2025/1/22, 215, 184, 22, 24, 4, 13
2025/1/23, 204, 127, 30, 19, 4, 10
2025/1/24, 174, 180, 21, 29, 6, 16
2025/1/25, 194, 178, 42, 22, 6, 16
2025/1/26, 204, 203, 34, 25, 5, 13
2025/1/27, 209, 251, 42, 27, 6, 22
2025/1/28, 237, 356, 30, 29, 8, 20
2025/1/29, 302, , , , , 
2024/10/1, 160, 140, 18, 4, 7, 20
2024/10/2, 167, 142, 25, 6, 12, 18
2024/10/3, 151, 142, 18, 5, 9, 19
2024/10/4, 148, 122, 12, 5, 8, 17
2024/10/5, 131, 133, 2, 5, 9, 15
2024/10/6, 150, 129, 19, 4, 11, 16
2024/10/7, 142, 164, 30, 5, 10, 17
2024/10/8, 166, 141, 29, 5, 10, 16
2024/10/9, 164, 127, 26, 4, 8, 15
2024/10/10, 147, 134, 39, 5, 7, 14
2024/10/11, 158, 154, 37, 6, 8, 16
2024/10/12, 161, 180, 31, 6, 7, 13
2024/10/13, 182, 177, 28, 6, 7, 13
2024/10/14, 178, 184, 31, 6, 9, 14
2024/10/15, 194, 229, 23, 7, 9, 18
2024/10/16, 190, 326, 50, 8, 11, 23
2024/10/17, 246, 378, 41, 8, 10, 26
2024/10/18, 274, 286, 49, 8, 8, 17
2024/10/19, 225, 346, 2, 6, 7, 17
2024/10/20, 266, 239, 25, 5, 7, 14
2024/10/21, 220, 377, 18, 8, 6, 19
2024/10/22, 280, 479, 2, 8, 7, 17
2024/10/23, 324, 258, 17, 6, 7, 13
2024/10/24, 230, 226, 20, 7, 8, 13
2024/10/25, 207, 295, 33, 9, 10, 18
2024/10/26, 262, 354, 37, 9, 8, 23
2024/10/27, 282, 236, 3, 8, 6, 15
2024/10/28, 239, 264, 14, 8, 6, 22
2024/10/29, 230, 362, 38, 7, 7, 20
2024/10/30, 265, 371, 29, 10, 26, 18
2024/10/31, 299, 410, 13, 13, 24, 23
2024/11/1, 293, 386, 16, 19, 14, 23
2024/11/2, 285, 334, 19, 19, 10, 22
2024/11/3, 305, 457, 19, 22, 8, 31
2024/11/4, 356, 395, 18, 22, 8, 30
2024/11/5, 292, 431, 23, 22, 5, 30
2024/11/6, 313, 437, 15, 20, 6, 32
2024/11/7, 332, 398, 11, 18, 5, 32
2024/11/8, 308, 324, 25, 17, 5, 28
2024/11/9, 275, 384, 17, 14, 5, 25
2024/11/10, 280, 425, 21, 15, 4, 26
2024/11/11, 285, 383, 12, 11, 5, 23
2024/11/12, 298, 705, 10, 10, 5, 32
2024/11/13, 482, 550, , 9, 2, 30
2024/11/14, 383, , , , , 
2024/11/16, 411, 634, 13, 30, 6, 25
2024/11/17, 462, 859, 11, 26, 5, 28
2024/11/18, 577, 411, 13, 36, 7, 21
2024/11/19, 373, 441, 20, 38, 7, 30
2024/11/20, 382, 404, 13, 38, 7, 31
2024/11/21, 338, 456, 16, 40, 7, 29
2024/11/22, 391, 503, 16, 48, 8, 37
2024/11/23, 392, 233, 14, 36, 7, 25
2024/11/24, 240, 365, 20, 31, 6, 18
2024/11/25, 341, 198, 20, 32, 7, 17
2024/11/26, 244, 231, 25, 34, 6, 19
2024/11/27, 252, 327, 20, 35, 6, 20
2024/11/28, 310, 347, 15, 38, 8, 28
2024/11/29, 308, 205, 8, 38, 9, 23
2024/11/30, 300, 204, 10, 31, 5, 15
2024/12/1, 236, 173, 8, 32, 6, 17
2024/12/2, 216, 183, 6, 33, 7, 16
2024/12/3, 219, 128, 9, 28, 5, 11
2024/12/4, 159, 144, 17, 30, 5, 13
2024/12/5, 171, 149, 13, 30, 5, 14
2024/12/6, 182, 206, 9, 34, 6, 19
2024/12/7, 223, 256, 6, 31, 9, 13
2024/12/8, 257, 139, 5, 24, 7, 7
2024/12/9, 185, 145, 6, 25, 7, 7
2024/12/10, 183, 172, 5, 28, 8, 9
2024/12/11, 195, 223, 4, 31, 7, 9
2024/12/12, 245, 168, 5, 25, 6, 7
2024/12/13, 201, 179, 4, 30, 7, 10
2024/12/14, 204, 304, 5, 45, 7, 17
2024/12/15, 295, 343, 8, 50, 7, 13
2024/12/16, 338, 597, 4, 67, 7, 33
2024/12/17, 450, 594, 4, 54, 7, 26
2024/12/18, 466, 637, 5, 49, 7, 34
2024/12/19, 472, 376, 4, 38, 6, 14
2024/12/20, 347, 337, 3, 33, 7, 16
2024/12/21, 321, 487, 3, 38, 7, 26
2024/12/22, 400, 425, 9, 34, 6, 16
2024/12/23, 381, 254, 3, 30, 6, 17
2024/12/24, 262, 292, 2, 34, 7, 12
2024/12/25, 295, 286, 3, 31, 6, 13
2024/12/26, 304, 147, 2, 16, 6, 7
2024/12/27, 216, 117, 3, 13, 6, 11
2024/12/28, 184, 123, 7, 10, 6, 5
2024/12/29, 187, , , , , 
2024/7/1, 133, 204, 8, 4, 3, 10
2024/7/2, 131, 147, 2, 4, 3, 11
2024/7/3, 111, 84, 4, 4, 3, 10
2024/7/4, 103, 101, 1, 5, 4, 10
2024/7/5, 129, 72, 4, 3, 3, 8
2024/7/6, 78, 50, 5, 3, 3, 8
2024/7/7, 46, 53, 6, 3, 3, 7
2024/7/8, 51, , , , , 
2024/7/11, 154, 90, 3, 12, 3, 7
2024/7/12, 99, 94, 2, 13, 3, 9
2024/7/13, 120, 111, 2, 15, 3, 9
2024/7/14, 132, 81, 3, 7, 3, 10
2024/7/15, 109, 108, 3, 9, 3, 8
2024/7/16, 132, 73, 2, 3, 3, 7
2024/7/17, 89, 99, 2, 12, 3, 12
2024/7/18, 122, 126, 4, 9, 2, 9
2024/7/19, 154, 93, 6, 3, 1, 5
2024/7/20, 154, 95, 3, 4, 1, 7
2024/7/21, 123, 77, 6, 4, 2, 9
2024/7/22, 103, 100, 6, 5, 1, 10
2024/7/23, 135, 102, 7, 5, 1, 10
2024/7/24, 126, 103, 8, 6, 1, 9
2024/7/25, 122, 101, 8, 6, 1, 10
2024/7/26, 130, 112, 7, 6, 1, 11
2024/7/27, 135, 79, 8, 5, 2, 10
2024/7/28, 104, 70, 9, 4, 1, 9
2024/7/29, 90, 90, 11, 4, 1, 10
2024/7/30, 125, 93, 7, 3, 1, 9
2024/7/31, 114, 44, 7, 3, 1, 8
2024/8/1, 62, 69, 7, 3, 1, 10
2024/8/2, 88, 274, 7, 2, 1, 9
2024/8/3, 131, 60, 7, 3, 1, 7
2024/8/4, 73, 56, 7, 1, 1, 8
2024/8/5, 68, 64, 8, 2, 1, 8
2024/8/6, 73, 253, 23, 2, 1, 8
2024/8/7, 70, 44, 6, 2, 1, 7
2024/8/8, 95, 128, 7, 2, 1, 8
2024/8/9, 92, 79, 7, 3, 1, 9
2024/8/10, 120, 74, 7, 2, 1, 9
2024/8/11, 105, 66, 7, 2, 1, 10
2024/8/12, 99, 65, 7, 2, 1, 10
2024/8/13, 229, 88, 8, 3, 1, 9
2024/8/14, 122, 81, 8, 1, 1, 8
2024/8/15, 122, 71, 8, 1, 1, 8
2024/8/16, 83, 92, 9, 3, 1, 11
2024/8/17, 116, 103, 8, 2, 1, 9
2024/8/18, 128, 101, 8, 1, 1, 7
2024/8/19, 124, 59, 9, 2, 1, 9
2024/8/20, 82, 78, 12, 1, , 8
2024/8/21, 101, 82, 10, 1, 1, 8
2024/8/22, 106, 61, 8, 1, 1, 8
2024/8/23, 78, 97, 9, 2, 1, 8
2024/8/24, 126, 63, 4, 3, 1, 7
2024/8/25, 79, 69, 9, 3, 2, 6
2024/8/26, 93, 60, 10, 4, 4, 6
2024/8/27, 62, 57, 11, 5, 4, 6
2024/8/28, 108, 57, 12, 5, 4, 10
2024/8/29, 252, 115, 25, 7, 6, 13
2024/8/30, 154, 91, 14, 5, 4, 8
2024/8/31, 128, 97, 12, 4, 4, 7
2024/9/1, 133, 75, 14, 4, 5, 7
2024/9/2, 101, 84, 12, 3, 5, 7
2024/9/3, 119, 59, 8, 4, 5, 9
2024/9/4, 88, 84, 44, 4, 5, 10
2024/9/5, 122, 82, 20, 4, 3, 10
2024/9/6, 110, 70, 17, 3, 4, 8
2024/9/7, 111, 104, 7, 4, 4, 10
2024/9/8, 150, 105, 14, 3, 4, 9
2024/9/9, 146, 71, 37, 3, 4, 7
2024/9/10, 108, 74, 10, 3, 4, 8
2024/9/11, 103, 82, 6, 2, 5, 5
2024/9/12, 106, 39, 8, 3, 5, 6
2024/9/13, 71, 74, 8, 3, 5, 6
2024/9/14, 95, 101, 9, 3, 6, 9
2024/9/15, 117, 127, 13, 4, 6, 8
2024/9/16, 137, 139, 18, 4, 6, 8
2024/9/17, 151, 74, 16, 3, 6, 6
2024/9/18, 102, 65, 10, 3, 7, 7
2024/9/19, 94, 156, 27, 4, 5, 9
2024/9/20, 177, 111, 49, 4, 6, 10
2024/9/21, 132, 145, 17, 3, 6, 9
2024/9/22, 171, 163, 19, 4, 5, 9
2024/9/23, 173, 183, 25, 4, 5, 9
2024/9/24, 188, 142, 26, 4, 6, 9
2024/9/25, 161, 74, 20, 3, 6, 8
2024/9/26, 94, 61, 15, 3, 6, 4
2024/9/27, 59, 58, 19, 3, 7, 5
2024/9/28, 64, 66, 12, 3, 7, 7
2024/9/29, 91, 179, 16, 3, 6, 10
2024/9/30, 168, 282, 27, 3, 6, 15
2024/4/1, 132, 148, 11, 13, 5, 9
2024/4/2, 146, 154, 13, 16, 5, 12
2024/4/3, 157, 150, 11, 13, 5, 11
2024/4/4, 135, 160, 8, 12, 5, 9
2024/4/5, 150, 176, 12, 13, 6, 9
2024/4/6, 162, 324, 11, 19, 8, 11
2024/4/7, 206, 178, 12, 22, 6, 10
2024/4/8, 173, 160, 17, 23, 5, 11
2024/4/9, 174, 189, 21, 24, 8, 13
2024/4/10, 184, 215, 15, 18, 6, 14
2024/4/11, 168, 195, 18, 19, 7, 12
2024/4/12, 183, 158, 12, 17, 4, 12
2024/4/13, 146, 114, 5, 13, 4, 11
2024/4/14, 148, 166, 12, 16, 6, 14
2024/4/15, 184, 240, 8, 9, 6, 15
2024/4/16, 187, 128, 14, 1, 4, 10
2024/4/17, 115, 150, 13, 1, 5, 11
2024/4/18, 144, 186, 9, 6, 4, 12
2024/4/19, 139, 158, 12, 8, 4, 8
2024/4/20, 136, 125, 14, 9, 4, 8
2024/4/21, 125, 124, 15, 12, 5, 10
2024/4/22, 121, 208, 18, 15, 5, 10
2024/4/23, 161, 157, 19, 15, 5, 12
2024/4/24, 161, 247, 15, 16, 6, 13
2024/4/25, 178, 152, 19, 14, 4, 10
2024/4/26, 147, 153, 15, 8, 4, 10
2024/4/27, 139, 115, 16, 6, 4, 8
2024/4/28, 123, 182, 15, 8, 6, 9
2024/4/29, 152, 163, 15, 8, 5, 9
2024/4/30, 139, 185, 13, 8, 4, 8
2024/5/1, 141, 224, 16, 11, 5, 10
2024/5/2, 160, 345, 17, 15, 7, 11
2024/5/3, 223, 304, 21, 19, 7, 18
2024/5/4, 291, 355, 17, 19, 7, 18
2024/5/5, 353, 257, 18, 17, 5, 14
2024/5/6, 226, 312, 32, 18, 6, 13
2024/5/7, 260, 171, 16, 9, 5, 11
2024/5/8, 156, 124, 19, 8, 4, 10
2024/5/9, 138, 201, 21, 8, 5, 11
2024/5/10, 161, 221, 21, 7, 4, 8
2024/5/11, 130, 162, 24, 9, 5, 10
2024/5/12, 180, 186, 24, 12, 6, 14
2024/5/13, 176, 262, 29, 12, 6, 12
2024/5/14, 217, 276, 28, 10, 9, 16
2024/5/15, 246, 221, 31, 9, 7, 16
2024/5/16, 186, 237, 23, 9, 8, 14
2024/5/17, 221, 249, 21, 7, 10, 10
2024/5/18, 191, 245, 20, 6, 7, 11
2024/5/19, 191, 253, 18, 5, 5, 10
2024/5/20, 174, 201, 25, 7, 4, 12
2024/5/21, 168, 153, 19, 5, 3, 10
2024/5/22, 161, 121, 26, 3, 2, 10
2024/5/23, 136, 122, 27, 3, 3, 9
2024/5/24, 136, 154, 30, 5, 4, 10
2024/5/25, 155, 217, 29, 9, 8, 12
2024/5/26, 175, 233, 35, 10, 9, 14
2024/5/27, 176, 195, 37, 15, 13, 17
2024/5/28, 174, 181, 25, 10, 7, 11
2024/5/29, 146, 228, 26, 10, 6, 9
2024/5/30, 135, 194, 26, 12, 5, 12
2024/5/31, 143, 257, 14, 12, 7, 10
2024/6/1, 145, 128, 20, 6, 5, 8
2024/6/2, 116, 161, 22, 6, 5, 10
2024/6/3, 134, 215, 25, 6, 6, 11
2024/6/4, 154, 235, 12, 4, 5, 10
2024/6/5, 154, 136, 26, 3, 3, 9
2024/6/6, 121, 259, 20, 3, 4, 9
2024/6/7, 136, 222, 18, 4, 5, 8
2024/6/8, 175, 205, 17, 8, 5, 8
2024/6/9, 140, 187, 18, 9, 5, 8
2024/6/10, 140, 320, 18, 11, 8, 11
2024/6/11, 195, 189, 18, 9, 5, 12
2024/6/12, 151, 205, 14, 6, 5, 8
2024/6/13, 139, 179, 15, 3, 4, 7
2024/6/14, 122, 179, 15, 3, 4, 8
2024/6/15, 129, 172, 6, 8, 4, 12
2024/6/16, 138, 158, 13, 5, 5, 9
2024/6/17, 145, 270, 8, 3, 5, 8
2024/6/18, 156, 268, 8, 3, 5, 8
2024/6/19, 148, 125, 15, 3, 4, 8
2024/6/20, 112, 147, 11, 5, 4, 10
2024/6/21, 149, 252, 14, 5, 4, 12
2024/6/22, 181, 157, 15, 5, 4, 9
2024/6/23, 157, 161, 9, 7, 4, 11
2024/6/24, 140, 196, 15, 5, 3, 11
2024/6/25, 191, 159, 5, 6, 3, 10
2024/6/26, 142, 101, 2, 5, 4, 11
2024/6/27, 110, 107, 6, 4, 3, 10
2024/6/28, 110, 244, 5, 6, 3, 11
2024/6/29, 134, 552, , 4, 3, 11
2024/6/30, 171, 143, 3, 5, 3, 14
2024/1/1, 254, 234, 10, 23, 9, 10
2024/1/2, 264, 239, 5, 23, 6, 14
2024/1/3, 268, 340, 2, 22, 7, 16
2024/1/4, 332, 234, 3, 23, 6, 14
2024/1/5, 248, 261, 3, 28, 6, 11
2024/1/6, 267, 255, 7, 30, 6, 37
2024/1/7, 272, 360, 4, 29, 7, 24
2024/1/8, 301, 197, 4, 22, 6, 9
2024/1/9, 237, 216, 8, 21, 4, 8
2024/1/10, 235, 301, 8, 23, 2, 11
2024/1/11, 282, 290, 7, 25, 3, 12
2024/1/12, 300, 451, 8, 28, 5, 16
2024/1/13, 386, 531, 25, 30, 7, 20
2024/1/14, 430, 285, 7, 25, 7, 12
2024/1/15, 292, 373, 7, 29, 6, 16
2024/1/16, 360, 275, 11, 28, 5, 12
2024/1/17, 288, 297, 9, 25, 5, 10
2024/1/18, 286, 250, 5, 26, 6, 12
2024/1/19, 274, 261, 12, 25, 5, 10
2024/1/20, 269, 261, 9, 23, 6, 11
2024/1/21, 285, 320, 12, 14, 7, 9
2024/1/22, 292, 361, 10, 14, 7, 12
2024/1/23, 330, 353, 7, 13, 8, 13
2024/1/24, 319, 268, 7, 18, 7, 13
2024/1/25, 271, 439, 33, 35, 9, 21
2024/1/26, 375, 300, 32, 33, 9, 18
2024/1/27, 284, 437, 12, 32, 9, 22
2024/1/28, 364, 293, 7, 22, 7, 13
2024/1/29, 282, , , , , 
2024/2/3, 250, 183, 5, 14, 3, 14
2024/2/4, 222, 130, 7, 9, 1, 8
2024/2/5, 182, 168, 15, 10, 1, 9
2024/2/6, 184, 152, 17, 12, 1, 7
2024/2/7, 178, 122, 16, 9, 1, 7
2024/2/8, 163, 210, 24, 13, 1, 12
2024/2/9, 204, 330, 25, 15, 2, 15
2024/2/10, 284, 266, 27, 15, 2, 12
2024/2/11, 257, 227, 24, 14, 2, 12
2024/2/12, 248, 369, 20, 14, 2, 17
2024/2/13, 309, 303, 22, 15, 2, 14
2024/2/14, 277, 230, 26, 15, 2, 12
2024/2/15, 236, 230, 25, 16, 2, 12
2024/2/16, 214, 205, 25, 15, 3, 13
2024/2/17, 210, 446, 17, 13, 6, 34
2024/2/18, 320, , , , , 
2024/2/22, 151, 147, 8, 9, 1, 11
2024/2/23, 155, 165, 8, 14, 2, 12
2024/2/24, 171, 142, , 13, 1, 12
2024/2/25, 169, 183, 1, 14, 1, 12
2024/2/26, 180, 156, 1, 11, 2, 11
2024/2/27, 152, 131, 1, 12, , 10
2024/2/28, 160, 162, 1, 18, 2, 13
2024/2/29, 170, 206, 1, 21, 1, 14
2024/3/1, 198, 93, 1, 6, , 9
2024/3/2, 107, 123, 1, 1, , 8
2024/3/3, 130, 105, 1, 1, 1, 9
2024/3/4, 132, 122, 1, 2, , 10
2024/3/5, 160, 119, 1, 2, 1, 10
2024/3/6, 158, 179, 1, 2, 1, 14
2024/3/7, 262, 126, 1, 2, 1, 10
2024/3/8, 154, 132, 1, 2, , 10
2024/3/9, 158, 144, , 2, 1, 10
2024/3/10, 162, 149, 6, 2, 1, 13
2024/3/11, 174, 164, 25, 6, 2, 11
2024/3/12, 176, 148, 15, 12, 1, 11
2024/3/13, 161, 163, 8, 10, 1, 11
2024/3/14, 172, 131, 9, 10, 1, 9
2024/3/15, 137, 156, 14, 13, 2, 9
2024/3/16, 176, 186, 8, 13, 4, 10
2024/3/17, 194, 184, 10, 16, 3, 11
2024/3/18, 183, 203, 12, 17, 4, 12
2024/3/19, 197, 247, 11, 17, 3, 12
2024/3/20, 197, 138, 9, 11, 2, 11
2024/3/21, 166, 131, 13, 11, 2, 13
2024/3/22, 161, 228, 6, 17, 4, 17
2024/3/23, 194, 154, 1, 11, 2, 18
2024/3/24, 136, 240, 3, 10, 8, 20
2024/3/25, 273, 174, 9, 10, 3, 10
2024/3/26, 144, 141, 5, 13, 2, 12
2024/3/27, 147, 140, 10, 11, 3, 10
2024/3/28, 159, 196, 15, 13, 3, 12
2024/3/29, 208, 159, 10, 13, 2, 13
2024/3/30, 166, 197, 9, 10, 2, 11
2024/3/31, 165, 116, 8, 8, 2, 8
2023/10/1, 159, 126, 20, 23, 5, 8
2023/10/2, 159, 138, 22, 25, 6, 9
2023/10/3, 163, 141, 21, 25, 5, 10
2023/10/4, 164, 154, 26, 28, 6, 11
2023/10/5, 177, 149, 25, 27, 7, 11
2023/10/6, 175, 162, 12, 21, 5, 13
2023/10/7, 178, 124, 10, 17, 6, 12
2023/10/8, 152, 121, 12, 12, 5, 12
2023/10/9, 154, 141, 10, 6, 5, 13
2023/10/10, 163, 134, 13, 4, 5, 10
2023/10/11, 172, 164, 20, 6, 5, 11
2023/10/12, 213, 231, 25, 6, 7, 14
2023/10/13, 241, 191, 18, 7, 7, 13
2023/10/14, 199, 151, 13, 5, 6, 12
2023/10/15, 160, 127, 24, 4, 5, 8
2023/10/16, 134, 74, 8, 4, 3, 9
2023/10/17, 105, 116, 4, 5, , 9
2023/10/18, 149, 108, 16, 5, 5, 9
2023/10/19, 153, 130, 20, 5, 9, 10
2023/10/20, 183, 180, 25, 6, 6, 11
2023/10/21, 228, 234, 21, 7, 6, 14
2023/10/22, 253, 276, 11, 5, 6, 13
2023/10/23, 237, 144, 15, 6, 6, 10
2023/10/24, 184, 201, 15, 6, 6, 12
2023/10/25, 232, 171, 17, 7, 6, 11
2023/10/26, 204, 247, 14, 8, 6, 15
2023/10/27, 244, 387, 33, 9, 9, 20
2023/10/28, 268, 412, 70, 11, 9, 27
2023/10/29, 290, 339, 53, 9, 10, 17
2023/10/30, 278, 357, 38, 9, 8, 19
2023/10/31, 309, 285, 29, 6, 7, 13
2023/11/1, 272, 466, 24, 6, 9, 20
2023/11/2, 384, 470, 26, 5, 7, 24
2023/11/3, 383, 538, 21, 5, 7, 22
2023/11/4, 372, 565, 19, 5, 6, 22
2023/11/5, 454, 458, 45, 6, 8, 27
2023/11/6, 370, 412, 43, 8, 7, 20
2023/11/7, 349, 453, 32, 7, 9, 23
2023/11/8, 368, 550, 28, 6, 7, 23
2023/11/9, 437, 187, 9, 3, 5, 12
2023/11/10, 226, 128, 20, 2, 7, 9
2023/11/11, 189, 189, 28, 3, 13, 11
2023/11/12, 262, 414, 25, 3, 15, 14
2023/11/13, 455, 323, 12, 4, 8, 17
2023/11/14, 316, 402, 6, 4, 9, 15
2023/11/15, 371, 524, 21, 6, 8, 19
2023/11/16, 431, 320, 20, 10, 6, 25
2023/11/17, 307, 329, 27, 6, 7, 24
2023/11/18, 275, 285, 40, 7, 7, 19
2023/11/19, 273, 354, 32, 7, 7, 17
2023/11/20, 305, 344, 22, 5, 8, 12
2023/11/21, 334, 354, 31, 5, 8, 15
2023/11/22, 345, 407, 33, 8, 6, 22
2023/11/23, 357, 639, 45, 9, 7, 26
2023/11/24, 459, 503, 24, 7, 7, 20
2023/11/25, 407, 477, 48, 8, 7, 22
2023/11/26, 384, 353, 17, 5, 6, 18
2023/11/27, 321, 220, 11, 4, 4, 10
2023/11/28, 233, 287, 28, 4, 6, 20
2023/11/29, 273, 397, 21, 4, 5, 18
2023/11/30, 364, 273, 24, 3, 5, 13
2023/12/1, 292, 242, 22, 3, 6, 12
2023/12/2, 260, , 22, 4, 5, 14
2023/12/3, 244, , 23, 7, 6, 13
2023/12/4, 238, 116, 20, 12, 6, 8
2023/12/5, 207, 210, 21, 4, 6, 17
2023/12/6, 234, 307, 19, 5, 6, 19
2023/12/7, 288, 267, 22, 4, 7, 15
2023/12/8, 269, 301, 17, 5, 5, 15
2023/12/9, 275, 220, 20, 4, 7, 13
2023/12/10, 242, 248, 17, 5, 7, 16
2023/12/11, 262, 376, 27, 5, 7, 20
2023/12/12, 321, 428, 23, 4, 6, 20
2023/12/13, 356, 300, 20, 3, 8, 15
2023/12/14, 281, 314, 18, 4, 8, 19
2023/12/15, 281, 438, 30, 4, 10, 24
2023/12/16, 360, 279, 22, 4, 7, 17
2023/12/17, 290, 210, 16, 18, 7, 12
2023/12/18, 245, 212, 17, 34, 8, 12
2023/12/19, 232, 254, 18, 39, 8, 16
2023/12/20, 263, 402, 18, 45, 8, 20
2023/12/21, 355, 483, 19, 57, 6, 20
2023/12/22, 412, 586, 19, 63, 6, 21
2023/12/23, 462, 460, 16, 56, 6, 22
2023/12/24, 398, 318, 18, 48, 6, 16
2023/12/25, 335, 376, 12, 40, 6, 17
2023/12/26, 353, 361, 5, 33, 5, 19
2023/12/27, 355, 260, 8, 26, 5, 14
2023/12/28, 277, 398, 14, 33, 6, 18
2023/12/29, 354, 295, 11, 30, 6, 16
2023/12/30, 306, 257, 8, 29, 5, 14
2023/12/31, 276, 229, 7, 25, 6, 11
2023/7/1, 73, 56, , 7, 3, 10
2023/7/2, 99, 92, 8, 14, 3, 11
2023/7/3, 149, 92, 9, 19, 3, 12
2023/7/4, 131, 59, , 10, 3, 8
2023/7/5, 106, 46, 20, 10, 3, 8
2023/7/6, 87, 61, 6, 11, 3, 8
2023/7/7, 108, 42, 12, 11, 2, 8
2023/7/8, 87, 38, 10, 10, 3, 8
2023/7/9, 87, 37, , 12, 3, 9
2023/7/10, 91, 50, , 12, 3, 8
2023/7/11, 107, 51, 6, 11, 3, 8
2023/7/12, 101, 60, 18, 11, 3, 9
2023/7/13, 110, , , , , 
2023/7/21, 134, 63, 4, 10, 3, 7
2023/7/22, 114, 51, 2, 10, 3, 8
2023/7/23, 96, , 3, 8, 5, 7
2023/7/24, 106, , , , , 
2023/7/26, 99, 75, 2, 13, 3, 12
2023/7/27, 141, 66, 1, 4, 4, 9
2023/7/28, 133, 48, 3, 4, 5, 10
2023/7/29, 86, 60, 3, 4, 4, 8
2023/7/30, 99, 81, 4, 13, 4, 9
2023/7/31, 142, 79, 6, 9, 2, 7
2023/8/1, 100, 72, 2, 8, 3, 8
2023/8/2, 95, 65, 4, 7, 3, 6
2023/8/3, 97, 64, 2, , , 13
2023/8/4, 86, 116, 3, 5, 5, 19
2023/8/5, 159, 79, 2, 2, 3, 9
2023/8/6, 114, 94, 2, 1, 4, 9
2023/8/7, 109, 104, 2, 1, 3, 9
2023/8/8, 120, 89, 2, , 3, 8
2023/8/9, 104, 106, 2, 1, 3, 8
2023/8/10, 128, 101, 2, 1, 3, 8
2023/8/11, 127, 99, 2, , 4, 7
2023/8/12, 112, 84, 2, 1, 3, 7
2023/8/13, 98, 86, 2, 2, 3, 8
2023/8/14, 109, 84, 2, 2, 3, 10
2023/8/15, 129, 102, 2, 2, 3, 10
2023/8/16, 145, 112, 2, 1, 3, 7
2023/8/17, 133, 120, 2, 1, 3, 7
2023/8/21, 128, 87, 1, , , 10
2023/8/22, 133, 58, 10, 2, 4, 9
2023/8/23, 87, 90, 12, 1, 3, 9
2023/8/24, 108, 99, 16, 1, 3, 9
2023/8/25, 113, 129, 9, 1, 4, 8
2023/8/26, 123, 143, 3, 1, 4, 7
2023/8/27, 141, 123, 5, 1, 4, 6
2023/8/28, 119, 122, 6, 1, 4, 7
2023/8/29, 123, 122, 10, 2, 4, 8
2023/8/30, 147, 115, 10, 2, 4, 8
2023/8/31, 140, 112, 20, 1, 4, 8
2023/9/1, 125, 114, 6, 7, 4, 7
2023/9/2, 135, 115, 7, 13, 3, 7
2023/9/3, 122, 102, 9, 12, 4, 7
2023/9/4, 121, 79, 13, 10, 4, 7
2023/9/5, 116, 87, 8, 15, 4, 9
2023/9/6, 118, 84, 19, 15, 4, 8
2023/9/7, 120, 66, 14, 11, 4, 8
2023/9/8, 92, 27, 6, 6, 3, 5
2023/9/9, 46, 16, 6, 4, 3, 5
2023/9/10, 33, 45, 8, 9, 4, 8
2023/9/11, 76, 70, 8, 14, 4, 9
2023/9/12, 110, 82, 7, 17, 3, 11
2023/9/13, 141, 86, 9, 16, 4, 10
2023/9/14, 147, 54, 10, 11, 3, 7
2023/9/15, 93, 60, 5, 12, 4, 7
2023/9/16, 95, 51, 4, 12, 4, 6
2023/9/17, 82, 53, 6, 11, 4, 7
2023/9/18, 75, 60, 6, 14, 4, 8
2023/9/19, 79, 75, 13, 19, 4, 10
2023/9/20, 107, 81, 10, 18, 4, 9
2023/9/21, 126, 92, 8, 15, 4, 9
2023/9/22, 140, 67, 10, 15, 3, 10
2023/9/23, 124, 94, 15, 20, 3, 13
2023/9/24, 151, 91, 36, 15, 4, 9
2023/9/25, 145, 98, 16, 15, 4, 9
2023/9/26, 159, 112, 12, 15, 4, 8
2023/9/27, 150, 122, 18, 17, 4, 9
2023/9/28, 150, 121, 26, 20, 5, 9
2023/9/29, 160, 121, 21, 18, 5, 9
2023/9/30, 153, 123, 18, 18, 5, 9
2023/4/1, 142, 123, 17, 5, 5, 12
2023/4/2, 158, 191, 6, 4, 6, 9
2023/4/3, 141, 106, 19, 5, 6, 6
2023/4/4, 108, 163, 19, 7, 7, 9
2023/4/5, 158, 158, 22, 6, 6, 5
2023/4/6, 195, 158, 28, 8, 9, 6
2023/4/7, 135, 173, 38, 8, 10, 6
2023/4/8, 146, 302, 40, 10, 12, 6
2023/4/9, 217, 326, 36, 22, 17, 13
2023/4/10, 186, 313, 42, 41, 25, 11
2023/4/11, 233, 197, 35, 31, 15, 8
2023/4/12, 161, 259, 37, 21, 18, 10
2023/4/13, 173, 290, 41, 6, 22, 11
2023/4/14, 198, 310, 59, 7, 19, 14
2023/4/15, 212, 223, 26, 6, 14, 13
2023/4/16, 159, 278, 33, 5, 14, 12
2023/4/17, 157, 391, 16, 5, 14, 14
2023/4/18, 173, 270, 28, 2, 9, 4
2023/4/19, 138, 111, 25, 2, 9, 8
2023/4/20, 116, 114, 27, 3, 8, 5
2023/4/21, 120, 109, 51, 3, 8, 3
2023/4/22, 114, 96, 32, 4, 6, 4
2023/4/23, 89, 162, 44, 6, 16, 7
2023/4/24, 157, 129, 63, 5, 10, 6
2023/4/25, 135, 209, 61, 6, 12, 11
2023/4/26, 178, 216, 60, 4, 10, 6
2023/4/27, 146, 145, 34, 6, 11, 10
2023/4/28, 156, 171, 23, 6, 9, 9
2023/4/29, 160, 93, 20, 3, 8, 6
2023/4/30, 134, 62, 3, 2, 6, 6
2023/5/1, 126, 68, 8, 2, 5, 6
2023/5/2, 125, 89, 7, 3, 6, 9
2023/5/3, 145, 97, 47, 4, 5, 8
2023/5/4, 160, 156, 24, 6, 7, 15
2023/5/5, 181, 222, 10, 6, 8, 11
2023/5/6, 194, 164, 17, 5, 9, 8
2023/5/7, 175, 110, 14, 6, 7, 9
2023/5/8, 144, 192, 21, 28, 23, 11
2023/5/9, 181, 183, 54, 28, 13, 9
2023/5/10, 175, 356, 62, 28, 24, 20
2023/5/11, 265, 208, 61, 45, 10, 15
2023/5/12, 173, 295, 46, 42, 9, 17
2023/5/13, 204, 194, 35, 33, 9, 14
2023/5/14, 178, 139, 36, 20, 8, 7
2023/5/15, 104, 672, 28, 21, 7, 9
2023/5/16, 212, 283, 19, 22, 10, 8
2023/5/17, 166, 95, 28, 15, 5, 7
2023/5/18, 111, 161, 36, 19, 7, 8
2023/5/19, 164, 394, 35, 23, 8, 12
2023/5/20, 169, , 15, 27, 9, 21
2023/5/21, 172, 228, 15, 20, 8, 10
2023/5/22, 138, 214, 12, 12, 8, 7
2023/5/23, 115, 109, 5, 9, 5, 6
2023/5/24, 82, 91, 24, 10, 6, 5
2023/5/25, 70, 75, 24, 15, 7, 8
2023/5/26, 76, 65, 8, 16, 5, 8
2023/5/27, 84, 124, 5, 18, 4, 12
2023/5/28, 158, 113, 4, 12, 4, 8
2023/5/29, 112, 85, 9, 12, 5, 7
2023/5/30, 115, 69, 5, 11, 4, 7
2023/5/31, 103, 107, 5, 16, 4, 10
2023/6/1, 145, 125, 12, 15, 5, 7
2023/6/2, 131, 116, 1, 26, 5, 11
2023/6/3, 139, 139, 15, 24, 8, 8
2023/6/4, 161, 120, 21, 19, 7, 9
2023/6/5, 138, 246, 24, 18, 8, 6
2023/6/6, 137, 304, 23, 16, 6, 7
2023/6/7, 145, 141, 22, 22, 8, 6
2023/6/8, 130, 144, 13, 14, 6, 7
2023/6/9, 118, 127, 4, 14, 7, 7
2023/6/10, 103, 121, 8, 12, 6, 7
2023/6/11, 94, 159, 5, 13, 6, 7
2023/6/12, 123, 204, 35, 12, 5, 6
2023/6/13, 119, 170, , 9, 5, 6
2023/6/14, 99, 125, 2, 14, 5, 6
2023/6/15, 104, 114, 5, 21, 6, 9
2023/6/16, 116, 94, 2, 15, 5, 8
2023/6/17, 113, 69, , 12, 4, 7
2023/6/18, 90, 62, , 12, 4, 7
2023/6/19, 89, 83, 1, 15, 4, 9
2023/6/20, 121, 97, 2, 16, 4, 8
2023/6/21, 108, 91, 2, 22, 3, 13
2023/6/22, 116, 100, 2, 14, 4, 11
2023/6/23, 128, 104, 1, 17, 4, 11
2023/6/24, 136, 45, 1, 11, 3, 8
2023/6/25, 78, 80, 2, 13, 3, 11
2023/6/26, 131, 63, 1, 13, 3, 10
2023/6/27, 109, 77, 1, 15, 3, 9
2023/6/28, 110, 69, 2, 13, 3, 9
2023/6/29, 109, 56, 9, 10, 3, 8
2023/6/30, 78, 117, 1, 8, 3, 8
2023/1/2, 282, 405, 4, 22, 14, 11
2023/1/3, 328, 257, 6, 22, 5, 10
2023/1/4, 272, 317, 3, 24, 14, 10
2023/1/5, 278, 425, 7, 27, 8, 14
2023/1/6, 308, 489, 3, 31, 19, 15
2023/1/7, 311, 356, 4, 25, 7, 15
2023/1/8, 330, 516, 1, 34, 6, 19
2023/1/9, 378, 419, 1, 34, 6, 19
2023/1/10, 351, 264, 1, 32, 5, 12
2023/1/11, 264, 317, 1, 28, 5, 16
2023/1/12, 282, 323, 2, 22, 4, 15
2023/1/13, 293, 183, 1, 19, 4, 8
2023/1/14, 232, 185, 1, 33, 4, 5
2023/1/15, 200, 233, 1, 38, 4, 11
2023/1/16, 235, 271, 1, 44, 4, 15
2023/1/17, 252, 453, 1, 40, 4, 12
2023/1/18, 287, 327, 1, 44, 3, 14
2023/1/19, 281, 120, 1, 40, 3, 7
2023/1/20, 172, 361, 1, 30, 3, 12
2023/1/21, 315, 351, 1, 28, 4, 12
2023/1/22, 334, 287, 1, 25, 4, 12
2023/1/23, 251, 184, 1, 16, 4, 10
2023/1/24, 164, 133, 1, 15, 4, 8
2023/1/25, 189, 155, 1, 9, 3, 6
2023/1/26, 215, 208, 1, 16, 4, 5
2023/1/27, 181, 191, 1, 27, 3, 7
2023/1/28, 207, 261, 1, 24, 4, 17
2023/1/29, 278, 125, 1, 16, 4, 10
2023/1/30, 178, 191, 1, 13, 4, 15
2023/1/31, 175, 117, 1, 11, 3, 6
2023/2/1, 170, 135, 7, 18, 5, 7
2023/2/2, 172, 191, 20, 26, 9, 18
2023/2/3, 223, 223, 20, 28, 13, 10
2023/2/4, 210, 196, 18, 42, 8, 7
2023/2/5, 198, 395, 15, 53, 9, 21
2023/2/6, 263, 222, 11, 32, 6, 12
2023/2/7, 218, 184, 16, 36, 7, 8
2023/2/8, 169, 177, 18, 42, 8, 12
2023/2/9, 181, 217, 16, 37, 8, 12
2023/2/10, 173, 201, 19, 31, 7, 12
2023/2/11, 215, 122, 18, 20, 7, 4
2023/2/12, 144, 117, 22, 16, 6, 3
2023/2/13, 127, 161, 24, 25, 9, 6
2023/2/14, 147, 185, 25, 24, 10, 8
2023/2/15, 172, 272, 29, 32, 9, 16
2023/2/16, 238, 392, 32, 38, 8, 21
2023/2/17, 307, 371, 32, 29, 10, 16
2023/2/18, 286, 262, 34, 29, 8, 17
2023/2/19, 249, 299, 21, 27, 8, 18
2023/2/20, 251, 216, 25, 20, 7, 11
2023/2/21, 204, 225, 16, 17, 6, 12
2023/2/22, 225, 155, 17, 15, 8, 8
2023/2/23, 160, 246, 23, 17, 8, 9
2023/2/24, 166, 236, 28, 19, 11, 11
2023/2/25, 195, 220, 31, 21, 9, 12
2023/2/26, 205, 343, 21, 23, 10, 15
2023/2/27, 204, 173, 20, 19, 9, 9
2023/2/28, 175, 184, 15, 15, 8, 8
2023/3/1, 146, 181, 18, 18, 10, 8
2023/3/2, 166, 128, 14, 14, 7, 6
2023/3/3, 165, 176, 18, 16, 9, 5
2023/3/4, 177, 119, 23, 16, 8, 6
2023/3/5, 150, 126, 28, 18, 9, 7
2023/3/6, 158, 146, 34, 20, 9, 9
2023/3/7, 156, 175, 30, 15, 13, 9
2023/3/8, 217, 102, 30, 14, 7, 6
2023/3/9, 145, 189, 29, 19, 9, 7
2023/3/10, 190, 293, 37, 21, 11, 10
2023/3/11, 197, 183, 35, 23, 9, 6
2023/3/12, 169, 196, 28, 23, 11, 9
2023/3/13, 190, 207, 30, 21, 10, 9
2023/3/14, 192, 190, 45, 29, 11, 13
2023/3/15, 186, 252, 35, 24, 13, 10
2023/3/16, 192, 185, 34, 24, 13, 8
2023/3/17, 170, 246, 14, 17, 6, 6
2023/3/18, 159, 184, 27, 16, 6, 8
2023/3/19, 170, 303, 13, 17, 6, 4
2023/3/20, 154, 69, 20, 9, 4, 4
2023/3/21, 115, 155, 32, 17, 6, 6
2023/3/22, 170, 166, 20, 20, 10, 7
2023/3/23, 186, 283, 16, 25, 8, 9
2023/3/24, 184, 205, 22, 17, 6, 9
2023/3/25, 112, 178, 17, 16, 7, 6
2023/3/26, 149, 164, 22, 17, 9, 5
2023/3/27, 150, 215, 23, 17, 11, 7
2023/3/28, 158, 159, 48, 9, 11, 9
2023/3/29, 181, 245, 35, 7, 8, 8
2023/3/30, 154, 95, 24, 5, 5, 6
2023/3/31, 98, 168, 36, 6, 5, 9
2022/10/1, 167, 128, 18, 12, 4, 12
2022/10/2, 153, 123, 12, 17, 4, 13
2022/10/3, 135, 161, 31, 26, 5, 17
2022/10/4, 168, 158, 7, 22, 5, 14
2022/10/6, 68, 44, 6, 8, 5, 9
2022/10/7, 60, 217, 5, 9, 4, 8
2022/10/8, 49, 14, 5, 5, 3, 3
2022/10/9, 33, 15, 5, 5, 3, 3
2022/10/10, 27, 92, 19, 22, 4, 9
2022/10/11, 129, 122, 25, 15, 3, 5
2022/10/12, 164, 297, 19, 19, 4, 8
2022/10/13, 168, 136, 29, 21, 5, 7
2022/10/14, 164, 160, 2, 34, 4, 6
2022/10/15, 182, 245, 44, 29, 9, 15
2022/10/16, 210, 231, 55, 31, 8, 14
2022/10/17, 207, 315, 46, 35, 10, 17
2022/10/18, 205, 189, 37, 36, 6, 22
2022/10/19, 179, 325, 21, 61, 9, 18
2022/10/20, 200, 258, 26, 48, 7, 14
2022/10/21, 218, 232, 28, 38, 8, 10
2022/10/22, 209, 247, 3, 40, 9, 11
2022/10/23, 225, 265, 30, 29, 12, 10
2022/10/24, 266, 319, 36, 26, 15, 10
2022/10/25, 257, 197, 44, 34, 9, 13
2022/10/26, 211, 359, 44, 38, 10, 24
2022/10/27, 311, 403, 30, 42, 12, 19
2022/10/28, 339, 420, 28, 39, 10, 21
2022/10/29, 337, 429, 26, 38, 11, 16
2022/10/30, 335, 488, 26, 44, 10, 28
2022/10/31, 383, 495, 26, 55, 8, 27
2022/11/1, 361, 467, 20, 45, 8, 18
2022/11/2, 371, 660, 23, 44, 9, 22
2022/11/3, 501, 585, 29, 54, 8, 29
2022/11/4, 447, 267, 16, 34, 5, 15
2022/11/5, 292, 252, 11, 32, 5, 15
2022/11/6, 256, 316, 24, 34, 6, 13
2022/11/7, 291, 356, 11, 32, 6, 14
2022/11/8, 348, 169, 12, 40, 6, 13
2022/11/9, 191, 424, 8, 38, 7, 18
2022/11/10, 278, 388, 12, 28, 7, 10
2022/11/11, 300, 274, 17, 29, 7, 9
2022/11/12, 279, 225, 13, 30, 6, 12
2022/11/13, 251, 293, 17, 32, 8, 22
2022/11/14, 242, 236, 17, 43, 7, 17
2022/11/15, 222, 208, 18, 29, 7, 7
2022/11/16, 235, 145, 22, 28, 3, 8
2022/11/17, 208, 374, 26, 34, 10, 12
2022/11/18, 258, 337, 26, 37, 10, 14
2022/11/19, 245, 276, 37, 34, 10, 7
2022/11/20, 267, 217, 18, 34, 11, 10
2022/11/21, 231, 185, 23, 32, 12, 9
2022/11/22, 201, 171, 24, 29, 10, 8
2022/11/23, 188, 273, 22, 36, 11, 16
2022/11/24, 229, 374, 25, 41, 11, 19
2022/11/25, 281, 349, 29, 38, 11, 13
2022/11/26, 280, 319, 30, 39, 10, 
2022/11/27, 281, 357, 34, 40, 11, 11
2022/11/28, 306, 517, 24, 43, 10, 25
2022/11/29, 363, 440, 21, 38, 8, 21
2022/11/30, 336, 338, 14, 42, 8, 24
2022/12/1, 278, 390, 27, 41, 9, 23
2022/12/2, 315, 439, 21, 48, 8, 24
2022/12/3, 338, 507, 19, 37, 7, 20
2022/12/4, 375, 333, 21, 30, 10, 15
2022/12/5, 410, 239, 20, 25, 8, 9
2022/12/6, 258, 347, 8, 28, 9, 13
2022/12/7, 204, 327, 20, 26, 8, 11
2022/12/8, 234, 324, 16, 29, 9, 13
2022/12/9, 269, 409, 14, 38, 8, 15
2022/12/10, 332, 214, 11, 30, 8, 9
2022/12/11, 229, 134, 20, 24, 7, 6
2022/12/12, 178, 142, 17, 26, 6, 5
2022/12/13, 166, 144, 17, 26, 6, 7
2022/12/14, 175, 146, 20, 31, 8, 7
2022/12/15, 176, 291, 22, 37, 9, 17
2022/12/16, 248, 318, 19, 37, 7, 13
2022/12/17, 284, 437, 16, 37, 10, 15
2022/12/18, 377, 485, 12, 41, 6, 17
2022/12/19, 392, 412, 11, 33, 5, 14
2022/12/20, 313, 254, 6, 22, 4, 9
2022/12/21, 266, 374, 6, 29, 5, 13
2022/12/22, 310, 276, 7, 24, 5, 12
2022/12/23, 268, 228, 4, 28, 6, 11
2022/12/24, 264, 261, 6, 20, 4, 12
2022/12/25, 269, 278, 3, 23, 5, 13
2022/12/26, 288, 344, 8, 24, 5, 14
2022/12/27, 255, 216, 16, 25, 6, 10
2022/12/28, 245, 295, 18, 32, 8, 15
2022/12/29, 280, 381, 10, 29, 7, 15
2022/12/30, 342, 212, 9, 17, 4, 8
2022/12/31, 246, 178, 15, 23, 6, 12
2023/1/1, 223, 237, 8, 17, 5, 11
2022/7/1, 109, 74, 19, 14, 3, 10
2022/7/2, 127, 58, 10, 15, 4, 13
2022/7/3, 97, 92, 39, 19, 3, 13
2022/7/4, 159, 136, 20, 18, 4, 12
2022/7/5, 162, 75, 13, 14, 4, 6
2022/7/6, 148, 62, 23, 22, 4, 6
2022/7/7, 79, 70, 35, 17, 4, 8
2022/7/8, 113, 69, 19, 14, 3, 7
2022/7/9, 112, 54, 8, 8, 4, 6
2022/7/10, 96, 342, 8, 26, 4, 19
2022/7/11, 148, 62, 7, 15, 3, 9
2022/7/12, 113, 55, 5, 11, 3, 7
2022/7/13, 93, 60, 10, 10, 3, 7
2022/7/14, 101, 60, 6, 10, 4, 7
2022/7/15, 89, 125, 7, 14, 3, 7
2022/7/16, 84, 159, 6, 8, 3, 7
2022/7/17, 91, 66, 6, 11, 3, 8
2022/7/18, 115, 73, 21, 22, 3, 11
2022/7/19, 123, 203, 5, 17, 2, 8
2022/7/20, 105, 74, 10, 15, 3, 10
2022/7/21, 151, 86, 12, 16, 3, 9
2022/7/22, 154, 105, 5, 10, 4, 6
2022/7/23, 113, 58, 6, 12, 3, 8
2022/7/24, 110, 57, 5, 11, 4, 6
2022/7/25, 99, 57, 5, 11, 4, 6
2022/7/26, 99, 153, 7, 13, 3, 6
2022/7/27, 115, 68, 5, 13, 4, 7
2022/7/28, 113, 52, 2, 12, 3, 8
2022/7/29, 89, 61, 3, 12, 3, 9
2022/7/30, 98, , , , , 
2022/8/1, 83, 81, 6, 12, 4, 7
2022/8/2, 109, 103, 9, 20, 3, 9
2022/8/3, 143, 91, 17, 20, 4, 9
2022/8/4, 152, 70, 9, 16, 3, 9
2022/8/5, 131, 87, 18, 17, 4, 9
2022/8/6, 148, 122, 7, 23, 3, 13
2022/8/7, 176, 101, 25, 19, 5, 12
2022/8/8, 158, 96, 21, 13, 4, 7
2022/8/9, 147, 83, 13, 14, 4, 7
2022/8/10, 111, 62, 8, 8, 4, 6
2022/8/11, 76, 53, 6, 8, 4, 4
2022/8/12, 80, 62, 14, 9, 4, 4
2022/8/13, 65, 176, 6, 16, , 9
2022/8/14, 118, 40, 7, 3, , 4
2022/8/15, 78, 77, 11, 7, , 4
2022/8/16, 56, 57, 14, 11, 4, 7
2022/8/17, 66, 61, 23, 11, 4, 6
2022/8/18, 83, 68, 18, 5, 5, 5
2022/8/19, 73, 74, 16, 11, 4, 7
2022/8/20, 106, 95, 17, 11, 4, 7
2022/8/21, 140, 77, 17, 10, 4, 6
2022/8/22, 108, 66, 17, 9, 4, 5
2022/8/23, 84, 55, 15, 9, 3, 6
2022/8/24, 78, 113, 43, 14, 4, 8
2022/8/25, 140, 89, 15, 10, 4, 6
2022/8/26, 115, 210, 8, 10, 4, 6
2022/8/27, 114, 111, 22, 10, 4, 7
2022/8/28, 118, 167, 21, 13, 5, 8
2022/8/29, 129, 115, 20, 20, 5, 9
2022/8/30, 142, 106, 18, 13, 5, 8
2022/8/31, 139, 101, 23, 13, 5, 8
2022/9/1, 138, 108, 19, 19, 5, 10
2022/9/2, 139, 104, 11, 16, 4, 8
2022/9/3, 125, 80, 17, 9, 3, 5
2022/9/4, 91, 91, 18, 11, 4, 7
2022/9/5, 98, 100, 15, 13, 4, 7
2022/9/6, 121, 99, 21, 15, 5, 8
2022/9/7, 138, 113, 30, 15, 4, 9
2022/9/8, 160, 102, 25, 13, 4, 9
2022/9/9, 156, 83, 11, 13, 4, 8
2022/9/10, 141, 171, 19, 13, 6, 7
2022/9/11, 115, 72, 15, 10, 4, 8
2022/9/12, 95, 60, 8, 12, 4, 7
2022/9/13, 72, 59, 11, 8, 3, 7
2022/9/14, 63, 35, 9, 4, 3, 6
2022/9/15, 57, 25, 8, 7, 3, 7
2022/9/16, 56, 280, 11, 10, 4, 9
2022/9/17, 122, 306, 18, 15, 4, 11
2022/9/18, 133, 127, 10, 9, 3, 9
2022/9/19, 174, 184, 10, 12, 4, 9
2022/9/20, 127, 74, 12, 15, 4, 10
2022/9/21, 120, 208, 7, 7, 3, 7
2022/9/22, 85, , 14, 8, 3, 6
2022/9/23, 67, 309, 11, 12, 4, 8
2022/9/24, 87, 31, 8, 13, 4, 11
2022/9/25, 65, 99, 12, 13, 4, 15
2022/9/26, 140, 101, 12, 12, 4, 14
2022/9/27, 134, 119, 14, 18, 4, 13
2022/9/28, 154, 123, 10, 18, , 12
2022/9/29, 153, 136, 10, 23, 4, 16
2022/9/30, 181, 122, 13, 6, 5, 11
2022/4/1, 160, 189, 61, 35, 15, 16
2022/4/2, 177, 186, 59, 32, 14, 17
2022/4/3, 175, 224, 44, 31, 18, 16
2022/4/4, 199, 201, 44, 34, 22, 15
2022/4/5, 189, 228, 47, 33, 22, 16
2022/4/6, 204, 274, 49, 36, 26, 18
2022/4/7, 237, 245, 51, 33, 29, 15
2022/4/8, 216, 219, 64, 31, 19, 14
2022/4/9, 196, 209, 43, 28, 17, 16
2022/4/10, 180, 249, 50, 36, 26, 20
2022/4/11, 218, 202, 29, 34, 16, 19
2022/4/12, 188, 343, 27, 42, 15, 22
2022/4/13, 225, 235, 44, 22, 13, 11
2022/4/14, 150, 139, 66, 23, 15, 13
2022/4/15, 147, 206, 66, 33, 22, 19
2022/4/16, 200, 174, 86, 34, 19, 17
2022/4/17, 185, 237, 72, 44, 18, 23
2022/4/18, 194, 383, 44, 30, 37, 20
2022/4/19, 263, 210, 35, 27, 24, 13
2022/4/20, 168, 281, 19, 24, 14, 13
2022/4/21, 175, 159, 59, 25, 11, 11
2022/4/22, 144, 219, 50, 32, 19, 14
2022/4/23, 190, 238, 49, 28, 19, 11
2022/4/24, 195, 270, 49, 22, 17, 10
2022/4/25, 184, 135, 45, 28, 14, 11
2022/4/26, 151, 279, 57, 39, 27, 21
2022/4/27, 262, 337, 4, 37, 24, 23
2022/4/28, 284, 341, 42, 31, 28, 19
2022/4/29, 291, 222, 56, 29, 20, 19
2022/4/30, 213, 174, 27, 19, 11, 14
2022/5/1, 168, 130, 40, 13, 9, 11
2022/5/2, 153, 561, 13, 14, 7, 7
2022/5/3, 160, 195, 21, 93, 7, 12
2022/5/4, 124, 97, 54, 102, 7, 13
2022/5/5, 145, 158, 51, 11, 8, 18
2022/5/6, 183, 144, 79, 9, 10, 17
2022/5/7, 170, 130, 28, 10, 9, 18
2022/5/8, 166, 96, 57, 4, 7, 13
2022/5/9, 152, 97, 44, 4, 6, 14
2022/5/10, 149, 168, 60, 4, 8, 13
2022/5/11, 143, 100, 43, 12, 7, 14
2022/5/12, 150, 155, 34, 22, 8, 16
2022/5/13, 147, 207, 29, 43, 16, 27
2022/5/14, 190, 219, 4, 38, 14, 20
2022/5/15, 192, 220, 15, 21, 9, 12
2022/5/16, 163, 421, 28, 14, 9, 11
2022/5/17, 144, 124, 14, 19, 8, 13
2022/5/18, 200, 194, 28, 28, 10, 15
2022/5/19, 164, 183, 21, 27, 9, 14
2022/5/20, 160, 250, 28, 15, 6, 8
2022/5/21, 136, 112, 26, 18, 7, 8
2022/5/22, 114, 68, 20, 12, 5, 9
2022/5/23, 79, 61, 38, 16, 4, 10
2022/5/24, 97, 107, 14, 18, 5, 13
2022/5/25, 164, 147, 32, 26, 7, 15
2022/5/26, 189, 128, 13, 23, 6, 12
2022/5/27, 157, 197, 18, 11, 7, 13
2022/5/28, 145, 145, 9, 36, , 10
2022/5/29, 142, 116, 41, 24, 5, 14
2022/5/30, 139, 235, 41, 36, 8, 17
2022/5/31, 173, 207, 33, 34, 9, 18
2022/6/1, 165, 174, 38, 25, 9, 14
2022/6/2, 147, 195, 60, 35, 13, 17
2022/6/3, 166, 171, 34, 38, 11, 18
2022/6/4, 140, 196, 34, 26, 8, 15
2022/6/6, 91, 254, 41, 19, 9, 13
2022/6/7, 145, 294, 34, 12, 9, 10
2022/6/8, 140, 197, 34, 22, 8, 17
2022/6/9, 128, 261, 22, 11, 7, 11
2022/6/10, 141, 207, 27, 17, 9, 10
2022/6/11, 136, 196, 34, 21, 9, 15
2022/6/12, 150, 149, 27, 15, 7, 14
2022/6/13, 116, 138, 14, 11, 7, 10
2022/6/14, 109, 139, 24, 11, 7, 10
2022/6/15, 86, 160, 19, 12, 6, 10
2022/6/16, 83, 60, 8, 14, 4, 7
2022/6/17, 83, 103, 9, 13, 4, 12
2022/6/18, 85, 82, 4, 15, 4, 12
2022/6/19, 125, 98, 5, 17, 4, 11
2022/6/20, 140, 81, 9, 23, 4, 8
2022/6/21, 111, 101, 21, 17, 4, 10
2022/6/22, 136, 131, 14, 18, 5, 12
2022/6/23, 145, 159, 30, 24, 6, 6
2022/6/24, 159, 174, 47, 33, 8, 14
2022/6/25, 160, , , , , 
2022/6/27, 136, 95, 10, 9, 4, 10
2022/6/28, 154, 111, 16, 15, 4, 8
2022/6/29, 145, 53, 13, 15, 4, 14
2022/6/30, 108, 54, 8, 13, 4, 11
2022/1/3, 399, 364, 21, 41, 7, 22
2022/1/4, 375, 343, 17, 39, 4, 22
2022/1/5, 390, 119, 22, 24, 4, 14
2022/1/6, 205, 95, 31, 22, 4, 14
2022/1/7, 171, 64, 16, 17, 3, 11
2022/1/8, 149, 76, 10, 14, 3, 12
2022/1/9, 161, 126, 19, 20, 6, 15
2022/1/10, 221, 127, 16, 22, 5, 14
2022/1/11, 220, 162, 23, 24, 5, 16
2022/1/12, 245, 309, 13, 30, 4, 19
2022/1/13, 307, 234, 10, 25, 5, 18
2022/1/14, 302, 169, 9, 18, 3, 13
2022/1/15, 259, 160, 14, 17, 3, 14
2022/1/16, 251, 332, 15, 35, 5, 21
2022/1/17, 371, 264, 10, 23, 5, 16
2022/1/18, 337, 257, 13, 25, 5, 17
2022/1/19, 317, 371, 15, 30, 10, 21
2022/1/20, 384, 310, 86, 33, 5, 23
2022/1/21, 351, 146, 24, 23, 6, 15
2022/1/22, 238, 136, 15, 16, 4, 16
2022/1/23, 238, 224, 8, 19, 4, 20
2022/1/24, 292, 191, 7, 18, 4, 18
2022/1/25, 257, 201, 13, 20, 5, 17
2022/1/26, 283, 167, 22, 26, 6, 15
2022/1/27, 245, 121, 33, 21, 7, 11
2022/1/28, 187, 205, 33, 30, 7, 17
2022/1/29, 247, 186, 34, 29, 9, 15
2022/1/30, 259, 283, 16, 32, 5, 20
2022/1/31, 339, 259, 15, 32, 7, 18
2022/2/1, 343, 191, 34, 25, 6, 13
2022/2/2, 266, 142, 14, 16, 6, 12
2022/2/3, 225, 99, 15, 18, 5, 15
2022/2/4, 183, 196, 27, 20, 4, 17
2022/2/5, 253, 343, 32, 29, 6, 28
2022/2/6, 338, 258, 28, 33, 5, 22
2022/2/7, 267, 288, 39, 33, 6, 22
2022/2/8, 280, 119, 25, 20, 5, 13
2022/2/9, 185, 134, 25, 20, 4, 14
2022/2/10, 184, 141, 31, 24, 7, 13
2022/2/11, 185, 147, 32, 26, 7, 15
2022/2/12, 199, 226, 39, 28, 6, 19
2022/2/13, 244, 152, 34, 29, 6, 18
2022/2/14, 169, 181, 40, 30, 5, 19
2022/2/15, 193, 267, 43, 31, 8, 18
2022/2/16, 263, 167, 34, 28, 8, 15
2022/2/17, 205, 221, 28, 30, 8, 18
2022/2/18, 226, 129, 36, 23, 9, 12
2022/2/19, 182, 131, 33, 23, 7, 13
2022/2/20, 180, 164, 22, 31, 7, 20
2022/2/21, 176, 175, 37, 24, 10, 14
2022/2/22, 187, 133, 30, 20, 5, 15
2022/2/23, 191, 188, 35, 27, 5, 16
2022/2/24, 242, 188, 32, 28, 6, 14
2022/2/25, 227, 57, 21, 15, 4, 9
2022/2/26, 90, 81, 26, 16, 5, 10
2022/2/27, 145, 100, 30, 21, 7, 11
2022/2/28, 153, 143, 37, 25, 7, 14
2022/3/1, 190, 151, 35, 25, 6, 15
2022/3/2, 195, 137, 47, 25, 9, 13
2022/3/3, 182, 116, 23, 17, 7, 11
2022/3/4, 174, 109, 28, 19, 7, 11
2022/3/5, 162, 129, 28, 25, 9, 13
2022/3/6, 189, 217, 54, 35, 10, 18
2022/3/7, 221, 215, 29, 29, 9, 15
2022/3/8, 230, 138, 24, 26, 10, 12
2022/3/9, 169, 123, 30, 23, 10, 12
2022/3/10, 162, 132, 28, 24, 11, 12
2022/3/11, 177, 154, 34, 25, 10, 15
2022/3/12, 176, 147, 35, 28, 12, 15
2022/3/13, 184, 182, 36, 28, 14, 16
2022/3/14, 207, 172, 28, 29, 9, 17
2022/3/15, 205, 186, 29, 19, 9, 13
2022/3/16, 179, 149, 49, 24, 11, 17
2022/3/17, 196, 164, 40, 21, 9, 20
2022/3/18, 242, 136, 26, 27, 8, 19
2022/3/19, 188, 148, 43, 29, 10, 19
2022/3/20, 181, 189, 42, 25, 9, 18
2022/3/21, 218, 146, 31, 18, 10, 12
2022/3/22, 167, 203, 36, 25, 12, 16
2022/3/23, 195, 249, 26, 24, 10, 18
2022/3/24, 214, 167, 27, 22, 11, 13
2022/3/25, 178, 172, 33, 21, 12, 11
2022/3/26, 167, 186, 15, 28, 15, 13
2022/3/27, 196, 274, 43, 34, 16, 24
2022/3/28, 211, 248, 38, 26, 19, 19
2022/3/29, 219, 263, 61, 28, 23, 21
2022/3/30, 228, 352, 61, 31, 17, 23
2022/3/31, 260, 179, 39, 25, 14, 13
2021/10/1, 128, 98, 13, 12, 4, 6
2021/10/2, 129, 80, 4, 9, 5, 3
2021/10/3, 86, 87, 9, 10, 5, 7
2021/10/4, 112, 86, 12, 16, 5, 9
2021/10/5, 117, 98, 12, 13, 3, 7
2021/10/6, 137, 103, 21, 14, 3, 7
2021/10/7, 153, 139, 19, 22, 4, 9
2021/10/8, 153, 145, 11, 25, 6, 10
2021/10/9, 136, 152, 6, 29, 3, 14
2021/10/10, 140, 133, 4, 25, 4, 13
2021/10/11, 131, 161, 29, 15, 3, 12
2021/10/12, 141, 160, 6, 19, 2, 9
2021/10/13, 162, 162, 5, 22, 1, 8
2021/10/14, 165, 180, 15, 27, 3, 17
2021/10/15, 195, 238, 4, 24, 1, 14
2021/10/16, 260, 138, 3, 12, , 10
2021/10/17, 202, 39, 3, 12, 1, 8
2021/10/18, 81, 104, 5, 18, 1, 10
2021/10/19, 166, 143, 3, 23, , 9
2021/10/20, 201, 178, 6, 27, 2, 9
2021/10/21, 172, 136, 5, 20, 2, 18
2021/10/22, 151, 137, 7, 31, 3, 13
2021/10/23, 153, 112, 33, 23, 2, 9
2021/10/24, 169, 131, 43, 23, 3, 11
2021/10/25, 164, 164, 34, 24, 4, 12
2021/10/26, 177, 213, 39, 31, 7, 13
2021/10/27, 219, 197, 42, 30, 7, 14
2021/10/28, 234, 274, 56, 30, 7, 17
2021/10/29, 262, 231, 35, 30, 8, 12
2021/10/30, 222, 347, 53, 29, 7, 18
2021/10/31, 294, 264, 45, 39, 5, 22
2021/11/1, 239, 226, 39, 36, 4, 17
2021/11/2, 225, 330, 47, 39, 5, 17
2021/11/3, 313, 436, 35, 32, 10, 21
2021/11/4, 421, 570, 25, 31, 12, 22
2021/11/5, 521, 403, 37, 30, 7, 17
2021/11/6, 401, 411, 39, 32, 6, 18
2021/11/7, 395, 412, 45, 34, 8, 19
2021/11/8, 402, 443, 31, 42, 9, 23
2021/11/9, 403, 384, 41, 49, 9, 25
2021/11/10, 353, 539, 11, 58, 8, 28
2021/11/11, 461, 653, 22, 50, 7, 24
2021/11/12, 507, 460, 23, 46, 5, 22
2021/11/13, 404, 374, 34, 44, 9, 14
2021/11/14, 353, 317, 26, 49, 6, 17
2021/11/15, 330, 428, 31, 46, 7, 20
2021/11/16, 397, 409, 24, 45, 5, 22
2021/11/17, 386, 401, 34, 50, 6, 22
2021/11/18, 362, 379, 31, 50, 7, 25
2021/11/19, 368, 345, 31, 50, 6, 19
2021/11/20, 363, 221, 27, 41, 3, 12
2021/11/21, 283, 177, 28, 33, 5, 10
2021/11/22, 217, 259, 33, 44, 5, 18
2021/11/23, 285, 389, 45, 64, 5, 26
2021/11/24, 393, 412, 37, 60, 3, 26
2021/11/25, 408, 473, 22, 50, 4, 22
2021/11/26, 435, 397, 27, 52, 2, 25
2021/11/27, 396, 333, 23, 46, 1, 21
2021/11/28, 372, 306, 17, 44, 2, 17
2021/11/29, 324, 253, 14, 49, 1, 15
2021/11/30, 274, 431, 4, 78, , 20
2021/12/1, 401, 320, 3, 60, , 18
2021/12/2, 373, 246, 3, 71, , 19
2021/12/3, 319, 305, 3, 63, 1, 23
2021/12/4, 319, 299, 3, 67, , 23
2021/12/5, 323, 175, 2, 76, , 13
2021/12/6, 231, 151, 2, 67, , 12
2021/12/7, 210, 139, 2, 77, , 11
2021/12/8, 206, 238, 2, 71, , 20
2021/12/9, 286, 185, 2, 80, , 14
2021/12/10, 263, 189, 2, 76, , 17
2021/12/11, 241, 266, 3, 81, 1, 17
2021/12/12, 286, 348, 2, 84, 1, 25
2021/12/13, 362, 360, 2, 76, , 23
2021/12/14, 368, 259, 2, 74, , 17
2021/12/15, 316, 323, 2, 85, , 19
2021/12/16, 374, 210, 2, 76, , 12
2021/12/17, 282, 190, 2, 67, , 15
2021/12/18, 270, 202, 2, 75, , 13
2021/12/19, 264, 351, 2, 90, , 16
2021/12/20, 396, 607, 2, 93, 1, 35
2021/12/21, 526, 477, 2, 92, , 29
2021/12/22, 457, 596, 8, 79, 2, 33
2021/12/23, 524, 500, 5, 72, 3, 30
2021/12/24, 473, 524, 2, 76, 3, 28
2021/12/25, 505, 540, 2, 82, 3, 29
2021/12/26, 520, 176, 2, 77, 2, 17
2021/12/27, 242, 174, 3, 59, 4, 20
2021/12/28, 263, 204, 6, 30, 5, 21
2021/12/29, 265, 301, 14, 32, 6, 20
2021/12/30, 327, 271, 27, 37, 7, 21
2021/12/31, 313, 363, 23, 42, 8, 23
2022/1/1, 396, 365, 36, 39, 7, 26
2022/1/2, 400, 361, 35, 48, 9, 26
2021/7/1, 128, 184, 10, 8, 4, 6
2021/7/2, 141, 99, 18, 11, 3, 4
2021/7/3, 106, 137, 5, 4, 5, 10
2021/7/4, 159, 120, 3, 3, 3, 6
2021/7/5, 144, 125, 3, 3, 3, 7
2021/7/6, 129, 141, 3, 5, 2, 8
2021/7/7, 148, 140, 2, 4, 3, 6
2021/7/8, 128, 74, 4, 3, 3, 6
2021/7/9, 113, 64, 5, 5, 3, 6
2021/7/10, 91, 81, 4, 10, 3, 5
2021/7/11, 119, 71, 4, 10, 3, 4
2021/7/12, 104, 33, 1, 11, 2, 6
2021/7/13, 60, 48, , 15, 2, 8
2021/7/14, 95, 62, 1, 12, 3, 8
2021/7/15, 117, 76, 1, 12, 3, 8
2021/7/16, 129, 85, 1, 12, 2, 8
2021/7/17, 144, 73, 1, 13, 2, 7
2021/7/18, 113, 28, 2, 13, 3, 6
2021/7/19, 59, 53, 6, 12, 2, 8
2021/7/20, 106, 69, 1, 15, 3, 10
2021/7/21, 114, 50, 1, , , 4
2021/7/22, 69, 64, 6, 14, 5, 5
2021/7/23, 95, 71, 4, 16, 3, 8
2021/7/24, 114, 74, 3, 15, 2, 5
2021/7/25, 104, 74, 6, 15, 3, 7
2021/7/26, 128, 61, 3, 15, 2, 8
2021/7/27, 116, 46, 3, 19, 2, 7
2021/7/28, 79, 54, 4, 14, 3, 6
2021/7/29, 80, 48, 3, 9, 3, 6
2021/7/30, 91, 49, 8, 10, 3, 5
2021/7/31, 79, 46, 5, 16, 3, 8
2021/8/1, 114, 51, 4, 19, 2, 8
2021/8/2, 118, 52, 6, 14, 3, 5
2021/8/3, 85, 51, 4, 12, 3, 5
2021/8/4, 88, 54, 4, 12, 3, 6
2021/8/5, 115, 59, 4, 14, 3, 5
2021/8/6, 108, 45, 5, 12, 3, 7
2021/8/7, 119, 49, 2, 13, 3, 8
2021/8/8, 120, 67, 3, 19, 2, 7
2021/8/9, 149, 71, 2, 14, 3, 6
2021/8/10, 120, 67, 2, 14, 2, 5
2021/8/11, 97, 105, 5, 16, 2, 6
2021/8/12, 102, 102, 10, 12, 3, 5
2021/8/13, 117, 95, 10, 9, 3, 5
2021/8/14, 96, 105, 10, 8, 3, 6
2021/8/15, 106, 109, 12, 10, 4, 7
2021/8/16, 111, 129, 9, 13, 4, 8
2021/8/17, 140, 126, 22, 17, 4, 8
2021/8/18, 151, 112, 13, 14, 4, 8
2021/8/19, 156, 50, 7, 10, 3, 6
2021/8/20, 88, 31, 7, 11, 3, 8
2021/8/21, 74, 63, 12, 13, 3, 12
2021/8/22, 121, 69, 24, 15, 3, 10
2021/8/23, 118, 90, 14, 13, 3, 13
2021/8/24, 145, 100, 7, 12, 3, 8
2021/8/25, 120, 114, 11, 12, 3, 8
2021/8/26, 112, 117, 14, 14, 3, 6
2021/8/27, 121, 103, 22, 15, 3, 8
2021/8/28, 137, 93, 17, 13, 3, 7
2021/8/29, 142, 47, 9, 9, 3, 4
2021/8/30, 76, 45, 3, 12, 3, 8
2021/8/31, 80, 36, 4, 10, 3, 7
2021/9/1, 75, 53, 8, 12, 3, 10
2021/9/2, 93, 54, 20, 12, 3, 8
2021/9/3, 81, 57, 14, 15, 3, 13
2021/9/4, 93, 79, 9, 16, 3, 11
2021/9/5, 122, 97, 25, 16, 3, 12
2021/9/6, 149, 64, 7, 11, 3, 7
2021/9/7, 118, 64, 11, 11, 4, 8
2021/9/8, 96, 71, 9, 14, 3, 8
2021/9/9, 111, 60, 13, 10, 4, 6
2021/9/10, 101, 26, 8, 11, 3, 6
2021/9/11, 62, 51, 19, 13, 3, 9
2021/9/12, 90, 56, 8, 10, 3, 7
2021/9/13, 100, 52, 1, 7, 2, 8
2021/9/14, 83, 65, 5, 10, 3, 10
2021/9/15, 70, 63, 24, 11, 3, 10
2021/9/16, 97, 46, 7, 8, 3, 5
2021/9/17, 74, 55, 19, 10, 3, 6
2021/9/18, 88, 72, 15, 9, 3, 7
2021/9/19, 114, 71, 13, 11, 3, 8
2021/9/20, 98, 57, 11, 11, 3, 7
2021/9/21, 87, 56, 12, 12, 4, 6
2021/9/22, 89, 59, 11, 10, 4, 5
2021/9/23, 89, 51, 10, 11, 3, 6
2021/9/24, 83, 52, 12, 10, 3, 5
2021/9/25, 90, 67, 63, 11, 4, 7
2021/9/26, 108, 90, 36, 13, 4, 8
2021/9/27, 146, 78, 23, 12, 4, 7
2021/9/28, 120, 87, 35, 11, 4, 7
2021/9/29, 111, 74, 19, 12, 4, 7
2021/9/30, 95, 99, 20, 19, 4, 12
2021/4/1, 135, 140, 28, 20, 10, 7
2021/4/2, 143, 155, 37, 23, 11, 7
2021/4/3, 162, 162, 34, 24, 13, 9
2021/4/4, 172, 166, 50, 29, 15, 10
2021/4/5, 170, 260, 68, 28, 16, 10
2021/4/6, 213, 173, 40, 15, 8, 5
2021/4/7, 157, 146, 36, 22, 9, 6
2021/4/8, 143, 157, 35, 25, 10, 7
2021/4/9, 141, 144, 49, 26, 13, 6
2021/4/10, 148, 188, 36, 27, 14, 9
2021/4/11, 167, 268, 32, 26, 14, 8
2021/4/12, 194, 235, 36, 23, 16, 8
2021/4/13, 191, 157, 31, 22, 11, 6
2021/4/14, 149, 237, 40, 29, 12, 10
2021/4/15, 186, 281, 8, 22, 8, 6
2021/4/16, 144, 94, 28, 14, 6, 5
2021/4/17, 132, 159, 41, 16, 12, 7
2021/4/18, 174, 223, 35, 21, 9, 10
2021/4/19, 173, 175, 33, 15, 14, 4
2021/4/20, 154, 92, 32, 9, 7, 4
2021/4/21, 128, 103, 48, 10, 8, 4
2021/4/22, 122, 89, 27, 10, 7, 4
2021/4/23, 123, 103, 37, 16, 7, 5
2021/4/24, 130, 146, 40, 18, 11, 8
2021/4/25, 173, 298, 56, 31, 19, 17
2021/4/26, 294, 393, 57, 34, 19, 19
2021/4/27, 315, 364, 55, 24, 18, 12
2021/4/28, 317, 244, 49, 14, 8, 5
2021/4/29, 191, 249, 45, 19, 12, 9
2021/4/30, 202, 177, 72, 13, 10, 6
2021/5/1, 160, 140, 48, 16, 8, 7
2021/5/2, 152, 238, 34, 11, 10, 5
2021/5/3, 173, 128, 31, 14, 7, 7
2021/5/4, 139, 118, 53, 10, 9, 6
2021/5/5, 154, 106, 45, 9, 6, 5
2021/5/6, 137, 89, 44, 13, 7, 7
2021/5/7, 141, 112, 56, 17, 7, 7
2021/5/8, 158, 99, 60, 13, 7, 6
2021/5/9, 147, 115, 32, 17, 7, 11
2021/5/10, 156, 99, 37, 11, 6, 7
2021/5/11, 135, 93, 27, 11, 6, 6
2021/5/12, 113, 69, 25, 11, 6, 6
2021/5/13, 115, 87, 35, 11, 7, 7
2021/5/14, 127, 135, 32, 13, 6, 6
2021/5/15, 119, 118, 41, 17, 12, 13
2021/5/16, 162, 159, 31, 30, 9, 12
2021/5/17, 179, 58, 14, 11, 5, 5
2021/5/18, 74, 51, 11, 8, 5, 7
2021/5/19, 111, 51, 22, 9, 4, 9
2021/5/20, 99, 55, 27, 13, 5, 8
2021/5/21, 90, 61, 29, 12, 6, 9
2021/5/22, 92, 403, 25, 11, 5, 8
2021/5/23, 192, 118, 30, 14, 6, 6
2021/5/24, 142, 122, 31, 19, 8, 8
2021/5/25, 141, 142, 40, 22, 9, 11
2021/5/26, 151, 118, 38, 22, 6, 11
2021/5/27, 138, 76, 38, 8, 5, 5
2021/5/28, 89, 73, 24, 7, 5, 5
2021/5/29, 53, 91, 28, 9, 4, 5
2021/5/30, 72, 103, 34, 19, 7, 7
2021/5/31, 108, 126, 26, 11, 4, 7
2021/6/1, 97, 98, 32, 14, 6, 8
2021/6/2, 134, 112, 58, 16, 6, 8
2021/6/3, 160, 119, 47, 13, 7, 8
2021/6/4, 156, 84, 31, 15, 5, 6
2021/6/5, 113, 111, 35, 15, 5, 8
2021/6/6, 119, 130, 34, 17, 7, 9
2021/6/7, 150, 265, 14, 15, 7, 8
2021/6/8, 144, 236, 14, 15, 5, 11
2021/6/9, 138, 146, 24, 10, 4, 7
2021/6/10, 141, 94, 31, 14, 4, 7
2021/6/11, 97, 82, 18, 9, 4, 6
2021/6/12, 101, 73, 17, 11, 4, 8
2021/6/13, 108, 76, 30, 10, 4, 7
2021/6/14, 104, 95, 22, 8, 4, 6
2021/6/15, 97, 69, 18, 10, 4, 7
2021/6/16, 114, 72, 15, 11, 3, 7
2021/6/17, 110, 57, 16, 8, 3, 6
2021/6/18, 81, 53, 9, 6, 4, 5
2021/6/19, 82, 39, 11, 4, 3, 5
2021/6/20, 68, 53, 18, 6, 3, 6
2021/6/21, 90, 121, 28, 13, 5, 7
2021/6/22, 129, 197, 36, 15, 5, 8
2021/6/23, 156, 121, 28, 10, 3, 6
2021/6/24, 133, 123, 25, 12, 4, 7
2021/6/25, 138, 97, 25, 13, 4, 8
2021/6/26, 118, 116, 26, 13, 3, 8
2021/6/27, 159, 101, 36, 15, 4, 8
2021/6/28, 145, 147, 29, 20, 5, 10
2021/6/29, 156, 264, 15, 14, 5, 7
2021/6/30, 149, 155, 14, 8, 5, 8
2021/1/4, 185, 82, 4, 15, 4, 11
2021/1/5, 159, 122, 9, 14, 3, 13
2021/1/6, 205, 146, 9, 13, 2, 11
2021/1/7, 224, 190, 6, 16, 6, 10
2021/1/8, 244, 177, 4, 18, 5, 11
2021/1/9, 245, 156, 9, 16, 2, 9
2021/1/10, 232, 160, 10, 20, 2, 11
2021/1/11, 238, 239, 8, 21, 2, 12
2021/1/12, 310, 292, 13, 24, 3, 20
2021/1/13, 324, 425, 8, 26, 3, 22
2021/1/14, 418, 589, 10, 30, 6, 24
2021/1/15, 527, 315, 7, 25, 4, 20
2021/1/16, 364, 228, 13, 18, 4, 13
2021/1/17, 303, 311, 9, 22, 6, 21
2021/1/18, 342, 262, 7, 20, 5, 19
2021/1/19, 323, 151, 8, 18, 4, 14
2021/1/20, 235, 245, 15, 23, 5, 22
2021/1/21, 289, 350, 7, 24, 4, 20
2021/1/22, 366, 202, 9, 22, 6, 14
2021/1/23, 264, 346, 3, 21, 3, 18
2021/1/24, 351, 228, 6, 20, 4, 23
2021/1/25, 276, 296, 11, 27, 4, 16
2021/1/26, 315, 323, 9, 28, 5, 15
2021/1/27, 310, 385, 7, 29, 5, 19
2021/1/28, 374, 356, 6, 31, 4, 16
2021/1/29, 345, 251, 4, 31, 4, 16
2021/1/30, 300, 325, 10, 32, 5, 22
2021/1/31, 321, 467, 6, 34, 6, 25
2021/2/1, 395, 406, 5, 45, 18, 26
2021/2/2, 350, 228, 4, 38, 15, 15
2021/2/3, 269, 135, 2, 39, 6, 11
2021/2/4, 217, 126, 33, 31, 4, 12
2021/2/5, 180, 142, 7, 30, 3, 8
2021/2/6, 213, 184, 2, 34, 3, 9
2021/2/7, 258, 281, 3, 36, 3, 14
2021/2/8, 302, 280, 2, 23, 3, 22
2021/2/9, 250, 372, 3, 31, 2, 19
2021/2/10, 330, 241, 4, 30, 3, 14
2021/2/11, 267, 299, 4, 21, 3, 16
2021/2/12, 309, 350, 6, 21, 5, 22
2021/2/13, 316, 248, 3, 13, 3, 19
2021/2/14, 282, 188, 2, 18, 2, 12
2021/2/15, 221, 227, 2, 26, 2, 13
2021/2/16, 244, 336, 3, 34, 3, 16
2021/2/17, 299, 232, 2, 33, 3, 14
2021/2/18, 238, 307, 2, 29, 3, 15
2021/2/19, 304, 213, 3, 26, 3, 12
2021/2/20, 226, 274, 2, 33, 2, 11
2021/2/21, 300, 254, 2, 36, 2, 15
2021/2/22, 266, 345, 2, 41, 2, 17
2021/2/23, 283, 370, 3, 33, 3, 18
2021/2/24, 277, 289, 3, 30, 5, 15
2021/2/25, 255, 221, 3, 13, 3, 12
2021/2/26, 221, 160, 3, 11, 3, 10
2021/2/27, 162, 156, 2, 21, 3, 7
2021/2/28, 166, 160, 3, 20, 5, 6
2021/3/1, 158, 174, 3, 20, 6, 6
2021/3/2, 162, 193, 2, 16, 3, 8
2021/3/3, 190, 245, 9, 25, 5, 13
2021/3/4, 216, 182, 2, 22, 4, 7
2021/3/5, 191, 192, 2, 22, 4, 7
2021/3/6, 195, 239, 3, 17, 3, 12
2021/3/7, 217, 166, 7, 18, 3, 8
2021/3/8, 178, 222, 3, 10, 3, 10
2021/3/9, 207, 148, 3, 11, 2, 13
2021/3/10, 160, 192, 3, 6, 3, 12
2021/3/11, 201, 115, 4, 9, 3, 9
2021/3/12, 154, 180, 5, 12, 3, 8
2021/3/13, 206, 148, 2, 15, 3, 7
2021/3/14, 179, 169, 4, 18, 3, 7
2021/3/15, 189, 259, 2, 12, 3, 7
2021/3/16, 200, 296, 2, 11, 3, 8
2021/3/17, 205, 291, 3, 12, 3, 9
2021/3/18, 180, 210, 4, 9, 3, 8
2021/3/19, 177, 190, 2, 22, 2, 7
2021/3/20, 230, , , , , 
2021/3/22, 144, 195, 2, 11, 3, 8
2021/3/23, 140, 152, 2, 11, 3, 7
2021/3/24, 155, 127, 12, 15, 5, 5
2021/3/25, 150, 133, 27, 16, 10, 5
2021/3/26, 167, 217, 36, 28, 14, 9
2021/3/27, 206, 203, 42, 25, 10, 8
2021/3/28, 193, , , , , 
2021/3/30, 157, 168, 19, 17, 8, 5
2021/3/31, 119, 183, 26, 13, 8, 3
2020/10/1, 162, 152, 61, 20, 5, 11
2020/10/2, 172, 163, 55, 25, 5, 10
2020/10/3, 177, 157, 71, 25, 6, 11
2020/10/4, 174, 164, 61, 24, 6, 10
2020/10/5, 165, 168, 60, 28, 6, 10
2020/10/6, 173, 198, 65, 28, 6, 11
2020/10/7, 194, 179, 70, 29, 7, 10
2020/10/8, 180, 183, 70, 27, 6, 12
2020/10/9, 186, 171, 43, 25, 7, 13
2020/10/10, 186, 189, 52, 27, 7, 12
2020/10/11, 196, 247, 62, 34, 7, 13
2020/10/12, 223, 220, 62, 31, 6, 19
2020/10/13, 226, 172, 39, 26, 5, 11
2020/10/14, 214, 277, 40, 32, 7, 15
2020/10/15, 246, 250, 77, 36, 8, 12
2020/10/16, 226, 276, 8, 35, 7, 16
2020/10/17, 239, 197, , 28, 8, 12
2020/10/18, 202, 235, 51, 30, 7, 12
2020/10/19, 222, 236, 51, 35, 8, 14
2020/10/20, 208, 231, 46, 37, 8, 24
2020/10/21, 218, 358, 33, 37, 9, 19
2020/10/22, 284, 400, 66, 40, 8, 20
2020/10/23, 331, 376, 58, 39, 7, 22
2020/10/24, 310, 410, 63, 41, 7, 12
2020/10/25, 334, 371, 41, 37, 7, 12
2020/10/26, 298, 302, 41, 31, 6, 11
2020/10/27, 275, 390, 47, 43, 7, 15
2020/10/28, 307, 496, 37, 50, 4, 18
2020/10/29, 351, 409, , 35, 1, 14
2020/10/30, 342, 443, 35, 33, 4, 12
2020/10/31, 376, 423, 21, 34, 6, 11
2020/11/1, 378, 327, 27, 36, 5, 32
2020/11/2, 297, 289, 28, 42, 5, 26
2020/11/3, 251, 589, 22, 48, 7, 36
2020/11/4, 456, 462, 61, 39, 6, 24
2020/11/5, 388, 470, 32, 45, 6, 25
2020/11/6, 399, 570, 38, 47, 6, 26
2020/11/7, 457, 653, 38, 47, 6, 33
2020/11/8, 517, 781, 42, 47, 6, 32
2020/11/9, 614, 746, 46, 46, 5, 40
2020/11/10, 653, 359, 27, 32, 5, 24
2020/11/11, 311, 346, 43, 31, 5, 25
2020/11/12, 308, 402, 50, 36, 5, 29
2020/11/13, 343, 668, 44, 47, 9, 27
2020/11/14, 550, 412, 48, 32, 10, 15
2020/11/15, 420, 100, 26, 18, 4, 8
2020/11/16, 168, 124, 24, 24, 4, 9
2020/11/17, 177, 170, 38, 29, 3, 10
2020/11/18, 216, 175, 43, 33, 4, 11
2020/11/19, 232, 219, 35, 32, 4, 11
2020/11/20, 267, 181, 30, 28, 5, 12
2020/11/21, 226, 236, 30, 33, 4, 14
2020/11/22, 265, 365, 45, 45, 5, 24
2020/11/23, 345, 382, 37, 50, 4, 24
2020/11/24, 365, 423, 28, 40, 5, 21
2020/11/25, 409, 142, 10, 22, 4, 11
2020/11/26, 195, 131, 23, 23, 3, 9
2020/11/27, 178, 164, 28, 29, 4, 12
2020/11/28, 207, 239, 37, 37, 4, 21
2020/11/29, 258, 330, 32, 42, 4, 23
2020/11/30, 317, 470, 37, 47, 5, 28
2020/12/1, 400, 359, 28, 43, 5, 19
2020/12/2, 313, 351, 15, 43, 4, 30
2020/12/3, 332, 519, 18, 47, 4, 27
2020/12/4, 440, 360, 23, 32, 4, 20
2020/12/5, 371, 388, 16, 29, 4, 20
2020/12/6, 384, 357, 10, 31, 3, 18
2020/12/7, 374, 422, 11, 31, 3, 25
2020/12/8, 385, 394, 6, 34, 3, 21
2020/12/9, 358, 228, 5, 30, 3, 15
2020/12/10, 240, 237, 7, 32, 3, 16
2020/12/11, 256, 247, 15, 24, 3, 18
2020/12/12, 325, 156, 10, 21, 3, 10
2020/12/13, 224, 126, 13, 20, 4, 7
2020/12/14, 204, 179, 7, 26, 5, 10
2020/12/15, 253, 187, 21, 24, 3, 12
2020/12/16, 257, 198, 9, 24, 2, 12
2020/12/17, 263, 215, 16, 31, 3, 14
2020/12/18, 264, 232, 16, 34, 4, 13
2020/12/19, 270, 245, 14, 38, 4, 14
2020/12/20, 296, 370, 13, 40, 7, 22
2020/12/21, 345, 646, 13, 50, 5, 33
2020/12/22, 544, 593, 26, 39, 5, 29
2020/12/23, 492, 479, 23, 38, 4, 23
2020/12/24, 430, 311, 9, 36, 3, 15
2020/12/25, 327, 347, 6, 38, 3, 17
2020/12/26, 372, 317, 5, 37, 3, 13
2020/12/27, 339, 240, 5, 48, 3, 10
2020/12/28, 224, 254, 3, 50, 2, 10
2020/12/29, 258, 221, 2, 48, 2, 13
2020/12/30, 296, 322, 2, 51, 3, 19
2020/12/31, 375, 580, 4, 49, 3, 35
2021/1/1, 534, 453, 4, 31, 3, 21
2021/1/2, 484, , , , , 
2020/7/1, 130, 97, 19, 8, 1, 7
2020/7/2, 144, 103, 18, 9, 1, 6
2020/7/3, 149, 67, 18, 5, 1, 4
2020/7/4, 113, 36, 15, 6, , 6
2020/7/5, 68, 69, 12, 8, 1, 8
2020/7/6, 119, 44, 5, 6, 1, 6
2020/7/7, 63, 49, 7, 6, , 7
2020/7/8, 78, 71, 11, 8, , 10
2020/7/9, 117, 68, 9, 8, , 13
2020/7/10, 94, 51, 14, 7, , 8
2020/7/11, 71, 56, 15, 8, 1, 9
2020/7/12, 92, 94, 4, 11, , 12
2020/7/13, 116, 109, 12, 7, 1, 15
2020/7/14, 122, 74, 17, 6, , 11
2020/7/15, 107, 59, 10, 7, , 7
2020/7/16, 91, 64, 10, 9, 1, 11
2020/7/17, 121, 61, 7, 8, 1, 10
2020/7/18, 102, 44, 2, 6, 1, 7
2020/7/19, 76, 62, 7, 20, , 12
2020/7/20, 77, 39, 7, 11, 1, 8
2020/7/21, 75, 53, 3, 11, , 12
2020/7/22, 109, 68, 10, 12, , 13
2020/7/23, 115, 74, 9, 12, 1, 8
2020/7/24, 132, 52, 6, 8, 1, 10
2020/7/25, 93, 67, 9, 13, 1, 15
2020/7/26, 123, 91, 3, 14, 1, 18
2020/7/27, 145, 84, 6, 12, , 8
2020/7/28, 99, 66, 5, 11, , 9
2020/7/29, 73, 46, 4, 8, , 7
2020/7/30, 51, 69, 7, 11, , 11
2020/7/31, 117, 61, 7, 10, , 11
2020/8/1, 108, 57, 3, 8, , 13
2020/8/2, 86, 63, 3, 6, , 13
2020/8/3, 86, 57, 5, 10, , 7
2020/8/4, 88, 61, 5, 10, , 7
2020/8/5, 105, 48, 3, 8, , 4
2020/8/6, 52, 45, 7, 7, 1, 9
2020/8/7, 70, 73, 8, 7, 1, 10
2020/8/8, 122, 152, 4, 10, , 11
2020/8/9, 100, 55, 2, 3, , 9
2020/8/10, 100, 73, 3, 7, 2, 10
2020/8/11, 129, 57, 3, 6, 1, 5
2020/8/12, 82, 30, 3, 10, 1, 6
2020/8/13, 64, 41, 2, 5, , 8
2020/8/14, 75, 53, 4, 10, , 6
2020/8/15, 97, 44, 7, 5, , 7
2020/8/16, 63, 54, 14, 9, , 8
2020/8/17, 89, 64, 9, 8, 1, 9
2020/8/18, 106, 40, 14, 20, 1, 12
2020/8/19, 85, 26, 5, 7, 1, 7
2020/8/20, 54, 41, 10, 17, 1, 6
2020/8/21, 57, 40, 5, 6, 2, 6
2020/8/22, 45, 36, 7, 3, , 8
2020/8/23, 47, 39, 4, 7, , 6
2020/8/24, 52, 47, 16, 9, , 7
2020/8/25, 59, 59, 5, 10, , 9
2020/8/26, 77, 61, 2, 9, , 11
2020/8/27, 80, 68, 19, 12, 3, 12
2020/8/28, 111, 59, 14, 11, 3, 11
2020/8/29, 106, 40, 7, 7, 3, 6
2020/8/30, 56, 35, 5, 8, 3, 7
2020/8/31, 45, 51, 10, 11, 4, 9
2020/9/1, 61, 55, 20, 11, 3, 8
2020/9/2, 77, 74, 5, 13, 4, 10
2020/9/3, 124, , , , , 
2020/9/5, 110, 61, 12, 11, 3, 10
2020/9/6, 118, 70, 4, 15, 4, 8
2020/9/7, 128, 73, 22, 9, 3, 10
2020/9/8, 118, 95, 8, 11, 4, 11
2020/9/9, 154, 101, 10, 15, 3, 10
2020/9/10, 156, 97, 14, 15, 4, 7
2020/9/11, 145, 103, 9, 14, 4, 10
2020/9/12, 153, 96, 8, 11, 3, 9
2020/9/13, 159, 111, 8, 14, 3, 9
2020/9/14, 167, 109, 9, 14, 3, 10
2020/9/15, 162, 116, 47, 15, 3, 10
2020/9/16, 161, 97, 6, 12, 3, 8
2020/9/17, 138, 90, 18, 11, 4, 9
2020/9/18, 133, 93, 7, 12, 4, 9
2020/9/19, 148, 111, 25, 13, 3, 12
2020/9/20, 164, 111, 39, 12, 3, 8
2020/9/21, 163, 75, 6, 12, 3, 8
2020/9/22, 111, 60, 5, 9, 4, 7
2020/9/23, 79, 79, 16, 11, 3, 8
2020/9/24, 114, 104, 27, 15, 3, 9
2020/9/25, 145, 115, 3, 17, 3, 9
2020/9/26, 155, 94, 7, 13, 3, 9
2020/9/27, 128, 132, 5, 15, 3, 10
2020/9/28, 158, 133, 33, 14, 3, 9
2020/9/29, 164, 128, 66, 14, 3, 8
2020/9/30, 157, 141, 23, 20, 4, 9
2020/4/1, 120, 69, 2, 27, , 6
2020/4/2, 119, 70, 2, 38, , 6
2020/4/3, 108, 79, 2, 38, , 7
2020/4/4, 133, 87, 2, 38, , 7
2020/4/5, 143, 97, 2, 36, , 9
2020/4/6, 145, 79, 2, 30, , 6
2020/4/7, 104, 75, 2, 32, , 6
2020/4/8, 110, 76, 2, 33, , 8
2020/4/9, 119, 92, 2, 42, , 12
2020/4/10, 137, 94, 2, 39, , 9
2020/4/11, 142, 84, 2, 34, , 7
2020/4/12, 119, 103, 2, 37, , 9
2020/4/13, 142, 105, 5, 27, , 9
2020/4/14, 130, 135, 4, 23, , 10
2020/4/15, 146, 146, 2, 26, , 10
2020/4/16, 154, 71, 2, 23, , 7
2020/4/17, 87, 71, 2, 24, , 5
2020/4/18, 82, 64, 2, 29, , 6
2020/4/19, 95, 88, 2, 34, , 7
2020/4/20, 119, 77, 2, 37, , 7
2020/4/21, 117, 97, 2, 37, , 8
2020/4/22, 124, 95, 2, 35, , 8
2020/4/23, 128, 90, 2, 33, , 8
2020/4/24, 130, 65, 2, 31, , 7
2020/4/25, 81, 79, 2, 28, , 6
2020/4/26, 96, 50, 2, 25, , 5
2020/4/27, 85, 68, 3, 24, , 6
2020/4/28, 113, 80, 4, 16, , 8
2020/4/29, 118, 82, 4, 13, , 8
2020/4/30, 130, 105, 4, 14, , 8
2020/5/1, 151, 79, 4, 10, , 6
2020/5/2, 94, 66, 3, 13, , 6
2020/5/3, 99, 48, 2, 24, , 7
2020/5/4, 81, 85, 2, 24, , 9
2020/5/5, 136, 112, 3, 24, , 10
2020/5/6, 150, 94, 2, 25, , 
2020/5/7, 136, 83, 4, 19, , 6
2020/5/8, 120, 87, 3, 14, , 7
2020/5/9, 135, 108, 3, 21, , 2
2020/5/10, 111, 74, 7, 19, , 
2020/5/11, 116, 79, 4, 16, , 
2020/5/12, 121, 118, 2, 22, , 
2020/5/13, 163, 95, 4, 21, , 10
2020/5/14, 149, 93, 12, 17, 4, 
2020/5/15, 140, 114, 17, 19, 5, 
2020/5/16, 160, 140, 21, 22, 5, 
2020/5/17, 183, 158, 19, 22, 5, 
2020/5/18, 198, 141, 36, 23, 5, 5
2020/5/19, 175, 118, 37, 16, 5, 6
2020/5/20, 152, 127, 30, 15, 3, 11
2020/5/21, 141, 183, 26, 16, 6, 12
2020/5/22, 197, 158, 35, 16, 3, 13
2020/5/23, 149, 135, 31, 15, 4, 11
2020/5/24, 144, 122, 45, 16, 5, 5
2020/5/25, 143, 152, 28, 17, 3, 9
2020/5/26, 145, 116, 48, 14, 2, 7
2020/5/27, 121, 144, 22, 6, 1, 4
2020/5/28, 102, , 15, 9, 2, 7
2020/5/29, 95, , 30, 7, 1, 7
2020/5/30, 75, 43, 20, 8, 1, 8
2020/5/31, 81, 54, 17, 12, 1, 7
2020/6/1, 113, , 11, 12, 2, 7
2020/6/2, 132, , 23, 15, 2, 7
2020/6/3, 142, 79, 19, 16, 2, 10
2020/6/4, 152, 81, 26, 12, 2, 7
2020/6/5, 125, 72, 42, 9, 1, 6
2020/6/6, 107, 73, 20, 10, 2, 5
2020/6/7, 112, 86, 24, 12, 2, 6
2020/6/8, 131, 102, 24, 16, 3, 7
2020/6/9, 145, 107, 19, 15, 4, 9
2020/6/10, 143, 102, 21, 12, 2, 8
2020/6/11, 130, 97, 19, 9, 1, 6
2020/6/12, 141, 93, 6, 11, 1, 6
2020/6/13, 134, 109, 7, 11, 2, 10
2020/6/14, 159, 98, 17, 11, 2, 10
2020/6/15, 139, 80, 32, 10, 2, 5
2020/6/16, 106, 71, 25, 7, 1, 5
2020/6/17, 95, 69, 31, 9, 3, 5
2020/6/18, 100, 116, 23, 7, 3, 9
2020/6/19, 130, 76, 20, 9, 1, 11
2020/6/20, 109, 77, 17, 11, 1, 11
2020/6/21, 119, 69, 20, 10, 1, 7
2020/6/22, 121, 57, 6, 7, 1, 7
2020/6/23, 86, 58, 9, 7, 2, 8
2020/6/24, 100, 63, 8, 9, 1, 8
2020/6/25, 110, 90, 6, 9, 1, 9
2020/6/26, 134, 116, 4, 10, 1, 9
2020/6/27, 116, 220, 4, 10, 1, 9
2020/6/28, 147, 130, 8, 9, 1, 8
2020/6/29, 120, 74, 15, 7, 1, 6
2020/6/30, 116, 84, 20, 8, 1, 8
2020/1/1, 470, 444, 1, 85, 4, 31
2020/1/2, 424, 383, 2, 89, 4, 28
2020/1/3, 353, 353, 1, 94, 3, 22
2020/1/4, 349, 229, 1, 87, , 15
2020/1/5, 284, 208, 1, 90, , 14
2020/1/6, 254, 124, 2, 90, 2, 13
2020/1/7, 195, 120, 1, 78, 5, 14
2020/1/8, 214, 130, 1, 62, 4, 12
2020/1/9, 222, 172, 1, 72, 4, 15
2020/1/10, 245, 239, 1, 90, 4, 16
2020/1/11, 270, 389, 1, 99, 3, 22
2020/1/12, 351, 240, 1, 83, 3, 20
2020/1/13, 293, 135, 1, 88, 3, 13
2020/1/14, 218, 167, 1, 94, 3, 13
2020/1/15, 235, 165, 1, 93, 5, 14
2020/1/16, 247, 135, 1, 81, 4, 15
2020/1/17, 218, 170, 1, 68, 3, 15
2020/1/18, 235, 148, 1, 61, 3, 13
2020/1/19, 228, 192, 1, 65, 3, 14
2020/1/20, 254, 338, 1, 74, 4, 22
2020/1/21, 348, 205, 1, 46, 4, 20
2020/1/22, 275, 119, 2, 33, 4, 11
2020/1/23, 154, 132, 4, 54, 4, 16
2020/1/24, 216, 204, 2, 80, 3, 16
2020/1/25, 255, 307, 2, 87, 4, 19
2020/1/26, 318, 227, 1, 86, 3, 23
2020/1/27, 279, 102, 1, 66, 4, 13
2020/1/28, 176, 116, 1, 72, 3, 12
2020/1/29, 182, 133, 3, 76, 3, 12
2020/1/30, 196, 129, 1, 82, 3, 13
2020/1/31, 193, 177, 1, 85, 3, 15
2020/2/1, 221, 179, 1, 87, 3, 14
2020/2/2, 236, 173, 1, 92, 3, 14
2020/2/3, 228, 249, 1, 92, 3, 18
2020/2/4, 274, 213, 1, 87, 3, 13
2020/2/5, 256, 158, 2, 97, 3, 13
2020/2/6, 219, 178, 1, 76, 3, 15
2020/2/7, 232, 193, 1, 73, 3, 15
2020/2/8, 259, 202, 1, 83, 3, 15
2020/2/9, 263, 275, 1, 84, 3, 17
2020/2/10, 289, 253, 2, 78, 3, 19
2020/2/11, 266, 233, 1, 80, 3, 17
2020/2/12, 277, 132, 1, 65, 3, 14
2020/2/13, 186, 137, 1, 54, 3, 12
2020/2/14, 170, 137, 2, 53, 3, 12
2020/2/15, 180, 204, 2, 78, 3, 15
2020/2/16, 254, 185, 2, 73, 3, 16
2020/2/17, 220, 187, 2, 69, 3, 15
2020/2/18, 210, 229, 8, 56, 3, 24
2020/2/19, 224, 147, 13, 58, 3, 12
2020/2/20, 176, 60, 2, 57, 3, 11
2020/2/21, 110, 86, 2, 60, 3, 10
2020/2/22, 136, 138, 2, 39, 3, 14
2020/2/23, 175, 119, 5, 44, 3, 12
2020/2/24, 161, 174, 2, 51, 3, 13
2020/2/25, 202, 244, 2, 46, 3, 16
2020/2/26, 239, 144, 8, 28, 4, 12
2020/2/27, 186, 107, 3, 24, 3, 10
2020/2/28, 161, 84, 5, 25, 1, 8
2020/2/29, 141, 82, 6, 32, , 8
2020/3/1, 122, 152, 3, 33, 1, 12
2020/3/2, 179, 204, 2, 35, , 13
2020/3/3, 189, 113, 4, 38, 2, 5
2020/3/4, 142, 58, 4, 36, , 5
2020/3/5, 88, 43, 7, 40, , 5
2020/3/6, 69, 74, 3, 48, , 7
2020/3/7, 110, 143, 7, 48, 1, 11
2020/3/8, 176, 115, 3, 31, , 6
2020/3/9, 145, 180, 2, 37, , 7
2020/3/10, 213, 85, 2, 26, 1, 5
2020/3/11, 131, 118, 2, 44, , 10
2020/3/12, 145, 143, 2, 52, , 7
2020/3/13, 153, 70, 3, 39, , 6
2020/3/14, 111, 106, 2, 59, 1, 9
2020/3/15, 154, , 1, 21, , 
2020/3/17, 183, 118, 4, 38, 1, 6
2020/3/18, 140, 157, 2, 22, , 8
2020/3/19, 185, 139, 3, 23, , 9
2020/3/20, 164, 163, 5, 22, 1, 11
2020/3/21, 180, 106, 2, 11, 1, 8
2020/3/22, 160, 89, 2, 22, , 7
2020/3/23, 141, 77, 2, 32, , 6
2020/3/24, 130, 69, 2, 30, , 7
2020/3/25, 119, 77, 2, 26, , 6
2020/3/26, 128, 44, 2, 27, , 4
2020/3/27, 77, 49, 2, 30, , 6
2020/3/28, 93, 61, 2, 27, , 6
2020/3/29, 97, 69, 2, 29, , 6
2020/3/30, 116, 71, 2, 29, , 6
2020/3/31, 125, 71, 2, 32, , 7
2019/7/1, 155, 114, 41, 11, 9, 10
2019/7/2, 164, 85, 34, 14, 8, 10
2019/7/3, 122, 63, 7, 14, 5, 9
2019/7/4, 94, 77, 7, 16, 8, 14
2019/7/5, 128, 65, 26, 16, 7, 11
2019/7/6, 96, 67, 23, 12, 7, 11
2019/7/7, 105, 97, 24, 18, 7, 12
2019/7/8, 151, 83, 8, 15, 6, 11
2019/7/9, 135, 214, 5, 14, 5, 10
2019/7/10, 177, 226, 4, 12, 5, 11
2019/7/11, 185, 275, 4, 12, 6, 11
2019/7/12, 178, 165, 5, 10, 6, 10
2019/7/13, 161, 148, 7, 11, 6, 8
2019/7/14, 170, 76, 5, 12, 6, 11
2019/7/15, 105, 51, 6, 11, 5, 9
2019/7/16, 93, 51, 12, 13, 5, 10
2019/7/17, 100, 67, 21, 20, 5, 16
2019/7/18, 115, 105, 66, 21, 6, 15
2019/7/19, 155, 82, 13, 19, 6, 12
2019/7/20, 134, 72, 102, 17, 6, 16
2019/7/21, 122, 83, 24, 15, 6, 17
2019/7/22, 150, 96, 17, 18, 6, 18
2019/7/23, 160, 104, 20, 20, 6, 19
2019/7/24, 143, 53, 9, 13, 5, 10
2019/7/25, 68, 55, 26, 12, 6, 9
2019/7/26, 94, 41, 29, 11, 5, 9
2019/7/27, 74, 49, 102, 10, 6, 8
2019/7/28, 80, 58, 21, 11, 7, 9
2019/7/29, 86, 69, 9, 11, 7, 9
2019/7/30, 106, 63, 17, 11, 6, 9
2019/7/31, 106, 73, 16, 14, 6, 10
2019/8/1, 114, 64, 11, 13, 6, 9
2019/8/2, 98, 67, 13, 13, 6, 10
2019/8/3, 115, 68, 12, 13, 6, 10
2019/8/4, 120, 89, 27, 18, 7, 14
2019/8/5, 142, 64, 19, 15, 5, 12
2019/8/6, 89, , 10, 11, 5, 10
2019/8/7, 78, 67, 77, 13, 7, 11
2019/8/8, 97, 56, 13, 9, 6, 7
2019/8/9, 46, 46, 19, 9, 6, 7
2019/8/10, 64, 71, 17, 12, 6, 10
2019/8/11, 106, 58, 13, 13, 5, 9
2019/8/12, 86, 56, 7, 11, 5, 10
2019/8/13, 85, 52, 25, 12, 6, 11
2019/8/14, 93, 48, 10, 9, 5, 8
2019/8/15, 82, 37, 9, 8, 4, 8
2019/8/16, 55, 20, 4, 7, 5, 8
2019/8/17, 37, 30, 7, 10, 4, 11
2019/8/18, 63, 75, 36, 14, 5, 16
2019/8/19, 135, 82, 31, 13, 5, 11
2019/8/20, 133, 93, 19, 15, 5, 10
2019/8/21, 139, 97, 12, 20, 6, 13
2019/8/22, 135, 105, 14, 19, 6, 13
2019/8/23, 144, 99, 28, 20, 6, 14
2019/8/24, 142, 56, 15, 14, 6, 9
2019/8/25, 101, 53, 18, 13, 6, 10
2019/8/26, 76, 86, 65, 17, 8, 12
2019/8/27, 122, 86, 27, 17, 7, 11
2019/8/28, 124, 75, 30, 16, 6, 9
2019/8/29, 108, 91, 81, 15, 9, 11
2019/8/30, 140, 95, 29, 23, 6, 14
2019/8/31, 149, 79, 23, 15, 6, 10
2019/9/1, 103, 72, 27, 14, 6, 10
2019/9/2, 122, 87, 25, 15, 6, 11
2019/9/3, 156, 100, 58, 17, 15, 11
2019/9/4, 156, 71, 57, 14, 14, 10
2019/9/5, 108, 76, 32, 15, 13, 10
2019/9/6, 114, 70, 23, 17, 9, 11
2019/9/7, 107, 61, 31, 11, 7, 9
2019/9/8, 102, 86, 21, 14, 7, 8
2019/9/9, 142, 92, 23, 15, 7, 9
2019/9/10, 151, 111, 59, 20, 8, 10
2019/9/11, 163, 94, 43, 19, 9, 9
2019/9/12, 146, 69, 40, 15, 8, 8
2019/9/13, 104, 58, 20, 13, 8, 7
2019/9/14, 85, 59, 17, 12, 7, 8
2019/9/15, 99, 96, 30, 18, 8, 10
2019/9/16, 150, 97, 45, 20, 7, 9
2019/9/17, 145, 75, 58, 16, 8, 8
2019/9/18, 109, 55, 42, 13, 8, 7
2019/9/19, 71, 87, 50, 17, 9, 9
2019/9/20, 126, 74, 42, 17, 8, 7
2019/9/21, 120, 61, 23, 17, 9, 8
2019/9/22, 91, 68, 31, 15, 8, 7
2019/9/23, 108, 68, 33, 19, 7, 8
2019/9/24, 98, 63, 26, 15, 6, 7
2019/9/25, 82, 62, 17, 13, 8, 7
2019/9/26, 89, 43, 10, 9, 6, 6
2019/9/27, 49, 55, 12, 10, 6, 7
2019/9/28, 77, 49, 18, 9, 7, 6
2019/9/29, 62, 65, 37, 14, 6, 8
2019/9/30, 93, 68, 32, 17, 7, 8
2019/10/1, 96, 69, 28, 16, 6, 8
2019/10/2, 106, 95, , 22, 6, 9
2019/10/3, 144, 82, 26, 21, 6, 9
2019/10/4, 147, 87, 31, 19, 5, 8
2019/10/5, 130, 104, 37, 20, 6, 9
2019/10/6, 150, , , , , 
2019/4/1, 169, 194, 73, 29, 15, 16
2019/4/2, 201, 138, 56, 23, 13, 14
2019/4/3, 169, 174, 94, 29, 21, 18
2019/4/4, 199, 210, 120, 30, 22, 21
2019/4/5, 208, 213, 58, 23, 16, 16
2019/4/6, 201, 321, 43, 19, 16, 17
2019/4/7, 284, 196, 60, 23, 10, 13
2019/4/8, 195, 165, 77, 25, 15, 16
2019/4/9, 192, 197, 52, 25, 14, 17
2019/4/10, 195, 133, 46, 24, 12, 14
2019/4/11, 169, 147, 40, 21, 10, 13
2019/4/12, 168, 120, 35, 19, 10, 12
2019/4/13, 156, 133, 35, 20, 12, 13
2019/4/14, 166, 134, 33, 22, 12, 16
2019/4/15, 159, 135, 30, 16, 7, 11
2019/4/16, 162, 60, 34, 15, 7, 10
2019/4/17, 92, 76, 55, 18, 8, 12
2019/4/18, 116, 128, 47, 23, 14, 13
2019/4/19, 159, 141, 71, 27, 18, 18
2019/4/20, 160, 202, 56, 28, 15, 18
2019/4/21, 177, 178, 61, 25, 16, 18
2019/4/22, 176, 227, 67, 31, 16, 19
2019/4/23, 185, 182, 86, 23, 11, 15
2019/4/24, 175, 190, 86, 17, 11, 13
2019/4/25, 178, 193, 60, 22, 15, 15
2019/4/26, 180, 254, 42, 20, 13, 12
2019/4/27, 189, 217, 41, 22, 11, 12
2019/4/28, 183, 203, 49, 25, 14, 14
2019/4/29, 180, 204, 25, 32, 21, 17
2019/4/30, 177, 215, 87, 26, 15, 18
2019/5/1, 189, 192, 53, 18, 10, 12
2019/5/2, 174, 90, 72, 17, 9, 11
2019/5/3, 128, 152, 61, 24, 13, 13
2019/5/4, 165, 205, 63, 24, 15, 15
2019/5/5, 183, 303, 71, 28, 17, 19
2019/5/6, 200, 322, 39, 28, 16, 22
2019/5/7, 221, 359, 49, 25, 16, 17
2019/5/8, 206, 338, 58, 25, 16, 18
2019/5/9, 198, 274, 53, 18, 12, 13
2019/5/10, 190, 201, 53, 19, 13, 16
2019/5/11, 174, 508, 66, 18, 13, 15
2019/5/12, 252, 266, 82, 20, 23, 15
2019/5/13, 182, 95, 59, 17, 8, 13
2019/5/14, 128, 139, 37, 25, 15, 17
2019/5/15, 149, 204, 44, 23, 10, 18
2019/5/16, 165, 380, 41, 19, 8, 17
2019/5/17, 198, 86, 41, 17, 7, 13
2019/5/18, 133, 121, 77, 20, 12, 15
2019/5/19, 164, 170, 66, 23, 14, 16
2019/5/20, 165, 139, 71, 19, 15, 13
2019/5/21, 161, 162, 45, 21, 13, 17
2019/5/22, 174, 243, 75, 24, 18, 16
2019/5/23, 182, 92, 24, 18, 8, 14
2019/5/24, 136, 103, 44, 15, 9, 12
2019/5/25, 140, 116, 56, 20, 13, 15
2019/5/26, 145, 136, 62, 29, 13, 15
2019/5/27, 225, 143, 65, 34, 10, 16
2019/5/28, 147, 160, 71, 37, 16, 22
2019/5/29, 168, 198, 58, 37, 17, 21
2019/5/30, 190, 228, 72, 33, 14, 19
2019/5/31, 170, 193, 101, 35, 16, 16
2019/6/1, 184, 133, 57, 18, 12, 10
2019/6/2, 157, 190, 48, 19, 9, 9
2019/6/3, 135, 108, 74, 18, 11, 12
2019/6/4, 125, 128, 73, 22, 11, 14
2019/6/5, 155, 163, 81, 21, 12, 12
2019/6/6, 163, 94, 84, 13, 10, 11
2019/6/7, 131, 119, 85, 27, 9, 16
2019/6/8, 153, 160, 93, 26, 15, 21
2019/6/9, 176, 169, 39, 31, 11, 26
2019/6/10, 173, 465, 13, 23, 12, 24
2019/6/11, 177, 195, 41, 15, 8, 12
2019/6/12, 135, 126, 42, 20, 10, 20
2019/6/13, 154, 129, 68, 19, 11, 10
2019/6/14, 161, 195, 57, 25, 15, 10
2019/6/15, 190, 111, 23, 11, 7, 12
2019/6/16, 143, 94, 37, 13, 8, 9
2019/6/17, 137, 69, 34, 16, 6, 11
2019/6/18, 105, 129, 60, 17, 11, 10
2019/6/19, 163, 87, 106, 15, 7, 11
2019/6/20, 120, 120, 62, 23, 9, 14
2019/6/21, 160, 122, 85, 22, 13, 12
2019/6/22, 160, 88, 64, 11, 8, 10
2019/6/23, 117, 64, 21, 12, 8, 10
2019/6/24, 80, 79, 43, 13, 9, 11
2019/6/25, 125, 106, 34, 15, 10, 13
2019/6/26, 159, 160, 34, 22, 12, 13
2019/6/27, 163, 145, 27, 20, 11, 13
2019/6/28, 153, 180, 26, 18, 10, 13
2019/6/29, 169, 168, 23, 16, 8, 13
2019/6/30, 166, 107, 61, 13, 8, 9
2019/1/1, 420, 627, 17, 54, 11, 43
2019/1/2, 456, 585, 15, 42, 9, 31
2019/1/3, 464, 386, 6, 32, 6, 26
2019/1/4, 354, 381, 17, 34, 8, 26
2019/1/5, 336, 243, 16, 30, 8, 20
2019/1/6, 268, 287, 9, 31, 9, 23
2019/1/7, 291, 207, 13, 28, 9, 19
2019/1/8, 247, 202, 16, 32, 10, 17
2019/1/9, 249, 284, 23, 35, 12, 29
2019/1/10, 278, 461, 27, 42, 9, 35
2019/1/11, 367, 431, 33, 47, 8, 30
2019/1/12, 339, 393, 30, 38, 10, 36
2019/1/13, 314, 163, 32, 28, 9, 14
2019/1/14, 193, 192, 25, 32, 10, 16
2019/1/15, 213, 372, 24, 42, 12, 24
2019/1/16, 312, 536, 26, 48, 11, 27
2019/1/17, 385, 359, 26, 41, 11, 22
2019/1/18, 324, 474, 31, 44, 14, 31
2019/1/19, 403, 525, 35, 43, 8, 56
2019/1/20, 419, 177, 26, 34, 12, 15
2019/1/21, 205, 68, 16, 21, 5, 12
2019/1/22, 141, 209, 17, 29, 9, 21
2019/1/23, 231, 141, 20, 24, 8, 14
2019/1/24, 189, 115, 18, 26, 8, 14
2019/1/25, 174, 146, 27, 24, 9, 13
2019/1/26, 200, 185, , 29, 11, 15
2019/1/27, 226, 182, 15, 30, 10, 15
2019/1/28, 217, 217, 19, 32, 13, 17
2019/1/29, 239, 346, 24, 36, 16, 23
2019/1/30, 311, 279, 28, 35, 12, 21
2019/1/31, 262, 212, 23, 32, 11, 18
2019/2/1, 248, 209, 16, 21, 5, 17
2019/2/2, 245, 175, 17, 20, 5, 18
2019/2/3, 214, 273, 29, 31, 7, 24
2019/2/4, 261, 421, 31, 40, 11, 32
2019/2/5, 327, 222, 32, 31, 8, 21
2019/2/6, 235, 82, 14, 16, 5, 12
2019/2/7, 151, 121, 22, 24, 7, 14
2019/2/8, 170, 146, 25, 23, 8, 14
2019/2/9, 189, 209, 27, 29, 11, 17
2019/2/10, 235, 287, 31, 31, 11, 21
2019/2/11, 275, 317, 39, 32, 13, 21
2019/2/12, 294, 260, 41, 41, 10, 26
2019/2/13, 258, 169, 20, 27, 7, 17
2019/2/14, 218, 139, 12, 22, 7, 16
2019/2/15, 205, 128, 9, 17, 5, 14
2019/2/16, 190, 134, 25, 21, 7, 15
2019/2/17, 191, 151, 22, 30, 9, 16
2019/2/18, 192, 154, 33, 31, 7, 18
2019/2/19, 200, 116, 8, 24, 7, 18
2019/2/20, 175, 127, 46, 23, 9, 19
2019/2/21, 166, 131, 18, 17, 8, 13
2019/2/22, 172, 112, 28, 20, 8, 13
2019/2/23, 165, 129, 35, 24, 10, 14
2019/2/24, 184, 117, 34, 25, 8, 13
2019/2/25, 167, 90, 22, 23, 9, 14
2019/2/26, 147, 81, 20, 15, 6, 15
2019/2/27, 150, 180, 2, 34, 8, 17
2019/2/28, 218, 150, 26, 24, 9, 13
2019/3/1, 189, 138, 7, 30, 9, 13
2019/3/2, 188, 79, 22, 18, 7, 13
2019/3/3, 145, 138, 21, 18, 9, 13
2019/3/4, 178, 147, 23, 19, 8, 12
2019/3/5, 171, 130, 27, 23, 9, 13
2019/3/6, 171, 183, 32, 26, 10, 15
2019/3/7, 199, 128, 29, 25, 10, 13
2019/3/8, 175, 126, 22, 22, 10, 11
2019/3/9, 165, 138, 35, 25, 11, 15
2019/3/10, 176, 143, 31, 30, 9, 14
2019/3/11, 173, 94, 21, 18, 7, 12
2019/3/12, 149, 145, 19, 26, 12, 13
2019/3/13, 179, 141, 11, 23, 10, 15
2019/3/14, 182, 121, 22, 20, 11, 13
2019/3/15, 163, 123, 39, 20, 10, 12
2019/3/16, 165, 170, 42, 25, 13, 16
2019/3/17, 191, 172, 46, 25, 16, 13
2019/3/18, 194, 211, 41, 28, 14, 16
2019/3/19, 204, 203, 40, 28, 15, 17
2019/3/20, 196, 143, 36, 15, 13, 16
2019/3/21, 186, 98, 33, 14, 11, 10
2019/3/22, 141, 115, 38, 16, 11, 12
2019/3/23, 160, 119, 33, 17, 12, 11
2019/3/24, 163, 112, 29, 16, 11, 12
2019/3/25, 164, 136, 40, 18, 14, 12
2019/3/26, 175, 169, 43, 24, 16, 16
2019/3/27, 186, 231, 69, 27, 21, 18
2019/3/28, 219, 213, 57, 30, 13, 20
2019/3/29, 211, 149, 67, 24, 15, 16
2019/3/30, 182, 132, 41, 17, 12, 14
2019/3/31, 167, 138, 46, 19, 12, 
2018/10/1, 168, 154, 16, 21, 6, 18
2018/10/2, 173, 158, 27, 23, 6, 17
2018/10/3, 165, 158, 39, 26, 8, 19
2018/10/4, 181, 203, 47, 23, 8, 19
2018/10/5, 216, 153, 16, 22, 7, 16
2018/10/6, 174, 169, 7, 26, 12, 19
2018/10/7, 200, 161, 60, 26, 10, 16
2018/10/8, 177, 180, 67, 26, 12, 17
2018/10/9, 185, 167, 37, 24, 10, 16
2018/10/10, 189, 124, 22, 20, 6, 13
2018/10/11, 145, 120, 30, 18, 7, 12
2018/10/12, 169, 215, 32, 24, 10, 16
2018/10/13, 210, 234, 35, 24, 9, 15
2018/10/14, 230, 226, 35, 27, 9, 18
2018/10/15, 224, 284, 44, 36, 11, 22
2018/10/16, 245, 294, 35, 27, 10, 22
2018/10/17, 245, 269, 49, 31, 7, 27
2018/10/18, 246, 271, 43, 27, 9, 22
2018/10/19, 245, 275, 35, 25, 8, 17
2018/10/20, 282, 254, 26, 26, 9, 18
2018/10/21, 252, 231, 33, 27, 7, 17
2018/10/22, 227, 240, 41, 30, 9, 20
2018/10/23, 218, 319, 28, 33, 8, 25
2018/10/24, 278, 240, 40, 26, 9, 20
2018/10/25, 248, 459, 28, 25, 7, 23
2018/10/26, 410, 396, 12, 27, 7, 36
2018/10/27, 329, 370, 31, 24, 6, 28
2018/10/28, 310, 443, 12, 26, 7, 28
2018/10/29, 376, 487, 10, 23, 6, 30
2018/10/30, 403, 344, 4, 20, 6, 26
2018/10/31, 334, 355, 4, 24, 6, 25
2018/11/1, 335, 242, 3, 18, 3, 22
2018/11/2, 267, 183, 3, 17, 3, 19
2018/11/3, 227, 75, 3, 13, 3, 12
2018/11/4, 143, 370, 3, 21, 2, 23
2018/11/5, 368, 298, 4, 18, 3, 17
2018/11/6, 300, 332, 5, 25, 3, 17
2018/11/7, 323, 672, 4, 34, 2, 26
2018/11/8, 610, 343, 4, 30, 3, 22
2018/11/9, 338, 421, 4, 34, 3, 27
2018/11/10, 399, 358, 3, 33, 3, 24
2018/11/11, 363, 421, 3, 30, 3, 24
2018/11/12, 389, 420, 8, 27, 2, 28
2018/11/13, 392, 159, 5, 23, , 20
2018/11/14, 227, 138, 12, 20, 4, 16
2018/11/15, 202, 183, 3, 20, 4, 14
2018/11/16, 235, 194, 3, 21, 4, 16
2018/11/17, 235, 211, 67, 27, 4, 20
2018/11/18, 220, 254, 13, 21, 4, 18
2018/11/19, 265, 379, 5, 18, 4, 20
2018/11/20, 320, 316, 3, 18, 4, 19
2018/11/21, 290, 297, 3, 18, 4, 22
2018/11/22, 252, 333, 8, 17, 4, 22
2018/11/23, 270, 169, 2, 18, 5, 14
2018/11/24, 188, 276, 3, 17, 4, 18
2018/11/25, 237, 339, 4, 21, 4, 23
2018/11/26, 279, 412, 3, 25, 4, 44
2018/11/27, 317, 354, 4, 21, 5, 30
2018/11/28, 295, 332, 3, 22, 4, 24
2018/11/29, 295, 298, 2, 28, 3, 22
2018/11/30, 289, 245, 7, 30, 2, 21
2018/12/1, 250, 343, 30, 31, 2, 30
2018/12/2, 306, 329, 15, 30, 8, 27
2018/12/3, 314, 422, 4, 28, 12, 31
2018/12/4, 331, 224, 4, 34, 11, 16
2018/12/5, 236, 380, 3, 35, 8, 27
2018/12/6, 323, 357, 9, 36, 7, 25
2018/12/7, 319, 308, 14, 34, 7, 24
2018/12/8, 315, 359, 61, 33, 8, 27
2018/12/9, 337, 411, 16, 35, 8, 27
2018/12/10, 361, 495, 33, 31, 7, 35
2018/12/11, 396, 296, 20, 28, 6, 22
2018/12/12, 299, 132, 9, 21, 5, 15
2018/12/13, 185, 170, 12, 21, 6, 16
2018/12/14, 222, 224, 27, 28, 9, 17
2018/12/15, 222, 242, 17, 27, 12, 19
2018/12/16, 257, 342, 18, 27, 13, 24
2018/12/17, 301, 362, 23, 27, 16, 22
2018/12/18, 322, 374, 20, 27, 16, 28
2018/12/19, 330, 579, 28, 30, 14, 33
2018/12/20, 425, 446, 21, 25, 12, 27
2018/12/21, 375, 548, 20, 24, 17, 31
2018/12/22, 425, 668, 17, 27, 10, 41
2018/12/23, 466, 693, 19, 36, 9, 46
2018/12/24, 489, 380, 16, 38, 9, 21
2018/12/25, 365, 399, 22, 40, 10, 39
2018/12/26, 395, 521, 16, 46, 11, 38
2018/12/27, 414, 389, 15, 33, 10, 23
2018/12/28, 365, 426, 20, 36, 12, 30
2018/12/29, 393, 641, 30, 44, 14, 43
2018/12/30, 511, , , , , 
2018/4/1, 167, 224, 60, 27, 21, 14
2018/4/2, 234, 210, 52, 31, 21, 14
2018/4/3, 217, 261, 51, 33, 20, 17
2018/4/4, 247, 194, 2, 24, 8, 20
2018/4/5, 160, 150, 12, 27, 8, 10
2018/4/6, 161, 104, 17, 25, 9, 9
2018/4/7, 128, 105, 3, 30, 4, 9
2018/4/8, 140, 108, 2, 33, 5, 12
2018/4/9, 138, 214, 65, 33, 5, 16
2018/4/10, 205, 85, 22, 11, 7, 5
2018/4/11, 108, 126, 26, 25, 16, 13
2018/4/12, 147, 167, 24, 29, 16, 14
2018/4/13, 177, 237, 23, 32, 21, 13
2018/4/14, 193, 279, 27, 34, 21, 17
2018/4/15, 214, 249, 30, 36, 23, 16
2018/4/16, 206, 199, 20, 26, 12, 14
2018/4/17, 162, 173, 19, 21, 13, 8
2018/4/18, 148, 249, 26, 30, 23, 12
2018/4/19, 186, 241, 18, 25, 14, 6
2018/4/20, 151, 403, 21, 19, 16, 10
2018/4/21, 170, 164, 25, 26, 25, 9
2018/4/22, 156, 227, 30, 26, 13, 14
2018/4/23, 187, 334, 36, 36, 24, 18
2018/4/24, 240, 353, 31, 42, 26, 25
2018/4/25, 254, 406, 45, 35, 21, 20
2018/4/26, 230, 310, 33, 26, 14, 14
2018/4/27, 200, 262, 33, 18, 13, 11
2018/4/28, 169, 245, 45, 26, 16, 15
2018/4/29, 193, 166, 44, 25, 14, 11
2018/4/30, 174, 129, 27, 18, 8, 10
2018/5/1, 147, 120, 29, 16, 7, 9
2018/5/2, 148, 151, 21, 21, 11, 8
2018/5/3, 129, 93, 33, 16, 8, 9
2018/5/4, 135, 153, 52, 30, 12, 14
2018/5/5, 175, 282, 23, 32, 18, 16
2018/5/6, 225, 290, 40, 32, 23, 17
2018/5/7, 227, 141, 28, 13, 6, 7
2018/5/8, 167, 116, 32, 27, 15, 13
2018/5/9, 176, 155, 41, 34, 13, 14
2018/5/10, 190, 303, 45, 47, 20, 22
2018/5/11, 253, 271, 56, 45, 24, 23
2018/5/12, 239, 173, 46, 11, 13, 12
2018/5/13, 160, 107, 40, 22, 13, 11
2018/5/14, 132, 139, 52, 21, 20, 14
2018/5/15, 168, 161, 38, 23, 12, 15
2018/5/16, 168, 234, 46, 20, 18, 14
2018/5/17, 188, 166, 34, 16, 15, 13
2018/5/18, 178, 269, 41, 33, 17, 17
2018/5/19, 205, 195, 31, 24, 15, 14
2018/5/20, 185, 176, 31, 26, 12, 12
2018/5/21, 160, 209, 39, 29, 16, 15
2018/5/22, 184, 292, 46, 29, 24, 19
2018/5/23, 207, 267, 34, 28, 23, 16
2018/5/24, 201, 215, 38, 31, 19, 14
2018/5/25, 174, 221, 37, 32, 14, 18
2018/5/26, 169, 261, 37, 32, 16, 16
2018/5/27, 172, 262, 38, 29, 21, 18
2018/5/28, 224, 313, 45, 30, 15, 20
2018/5/29, 202, 237, 28, 13, 9, 11
2018/5/30, 139, 161, 35, 19, 10, 13
2018/5/31, 156, 150, 34, 12, 9, 11
2018/6/1, 158, , , , , 
2018/6/3, 151, 126, 30, 9, 8, 9
2018/6/4, 148, 124, 21, 13, 9, 12
2018/6/5, 131, 108, 18, 9, 8, 11
2018/6/6, 134, 121, 40, 14, 12, 12
2018/6/7, 167, 149, 23, 12, 10, 11
2018/6/8, 157, 129, 17, 10, 5, 11
2018/6/9, 138, 122, 24, 16, 8, 13
2018/6/10, 168, 192, 24, 16, 9, 13
2018/6/11, 175, 548, 17, 17, 13, 12
2018/6/12, 263, 960, 10, 9, 8, 10
2018/6/13, 472, 889, 12, 9, 8, 10
2018/6/14, 406, 708, 16, 8, 9, 9
2018/6/15, 311, 559, 13, 8, 8, 9
2018/6/16, 266, 227, 15, 6, 7, 8
2018/6/17, 180, 148, 19, 9, 10, 12
2018/6/18, 170, 125, 27, 10, 8, 11
2018/6/19, 157, 147, 37, 13, 11, 11
2018/6/20, 167, 252, 39, 15, 9, 11
2018/6/21, 183, 258, 61, 21, 11, 15
2018/6/22, 184, 191, 35, 19, 12, 14
2018/6/23, 174, 153, 30, 14, 12, 12
2018/6/24, 150, 250, 22, 13, 10, 12
2018/6/25, 142, 142, 19, 13, 9, 11
2018/6/26, 127, 89, 26, 18, 7, 11
2018/6/27, 132, 50, 19, 15, 5, 9
2018/6/28, 67, 77, 14, 21, 4, 12
2018/6/29, 112, 75, 9, 21, 4, 12
2018/6/30, 117, 75, 5, 17, 4, 11
2018/7/1, 102, , , , , 
2018/1/20, 390, , , , , 
2018/1/23, 287, 221, 3, 28, 2, 17
2018/1/24, 309, 177, 3, 27, 2, 16
2018/1/25, 261, 266, 4, 27, 1, 28
2018/1/26, 320, 335, 5, 28, 2, 23
2018/1/27, 334, 334, 6, 29, 1, 20
2018/1/28, 327, 385, 6, 32, 3, 21
2018/1/29, 333, 257, 5, 33, 4, 13
2018/1/30, 278, 216, 6, 28, 4, 13
2018/1/31, 254, 375, 7, 28, 19, 16
2018/2/1, 337, 269, 5, 34, 6, 14
2018/2/2, 257, 265, 6, 33, 6, 13
2018/2/3, 243, 268, 5, 32, 6, 12
2018/2/4, 266, 370, 5, 34, 8, 15
2018/2/5, 321, 316, 5, 32, 7, 14
2018/2/6, 272, 303, 6, 32, 7, 14
2018/2/7, 284, 465, 7, 40, 7, 19
2018/2/8, 367, 421, 6, 46, 6, 17
2018/2/9, 362, 432, 5, 44, 6, 25
2018/2/10, 341, 235, 5, 48, 6, 13
2018/2/11, 241, 129, 3, 36, 4, 9
2018/2/12, 165, 175, 12, 36, 4, 14
2018/2/13, 248, 154, 4, 34, 4, 10
2018/2/14, 197, 174, 8, 36, 5, 11
2018/2/15, 228, 214, 3, 38, 5, 13
2018/2/16, 243, 213, 8, 39, 6, 13
2018/2/17, 247, 256, 4, 39, 6, 16
2018/2/18, 275, 406, 5, 42, 9, 20
2018/2/19, 347, 327, 9, 43, 9, 18
2018/2/20, 320, 403, 21, 48, 12, 27
2018/2/21, 307, 268, 12, 41, 10, 18
2018/2/22, 244, 341, 3, 35, 9, 21
2018/2/23, 321, 345, 12, 36, 18, 19
2018/2/24, 303, 192, 33, 22, 10, 14
2018/2/25, 228, 151, 6, 25, 3, 11
2018/2/26, 188, 171, 3, 29, 3, 12
2018/2/27, 208, 292, 5, 25, 3, 16
2018/2/28, 288, 235, 3, 23, 3, 14
2018/3/1, 236, 267, 3, 23, 3, 23
2018/3/2, 305, 163, 2, 23, 3, 12
2018/3/3, 205, 144, 4, 23, 6, 11
2018/3/4, 182, 143, 4, 22, 8, 10
2018/3/5, 181, 147, 6, 23, 6, 8
2018/3/6, 186, 163, 9, 26, 9, 11
2018/3/7, 202, 360, 18, 38, 15, 23
2018/3/8, 323, 125, 7, 15, 9, 7
2018/3/9, 162, 166, 6, 22, 10, 10
2018/3/10, 182, 171, 6, 26, 10, 12
2018/3/11, 208, 209, 9, 28, 13, 13
2018/3/12, 230, 252, 7, 33, 17, 16
2018/3/13, 232, 328, 10, 31, 13, 20
2018/3/14, 237, 314, 3, 24, 13, 13
2018/3/15, 224, 237, 6, 22, 13, 12
2018/3/16, 222, 163, 5, 22, 14, 9
2018/3/17, 203, , , , , 
2018/3/19, 179, 267, 7, 39, 19, 15
2018/3/20, 226, 206, 6, 24, 16, 13
2018/3/21, 215, 128, 7, 18, 10, 10
2018/3/22, 175, 172, 6, 20, 11, 11
2018/3/23, 189, 178, 16, 21, 12, 10
2018/3/24, 196, 169, 33, 22, 15, 9
2018/3/25, 195, 192, 32, 27, 17, 11
2018/3/26, 204, 294, 26, 34, 29, 16
2018/3/27, 250, 242, 32, 34, 22, 17
2018/3/28, 190, 187, 28, 26, 17, 11
2018/3/29, 195, 211, 29, 32, 21, 12
2018/3/30, 202, 244, 37, 26, 19, 11
2018/3/31, 204, 156, 43, 21, 13, 11
2024/12/31, , 215, 11, 18, 7, 11
2024/11/15, , 531, 16, 39, 8, 33
2024/7/10, , 123, 2, 24, 4, 12
2024/2/2, , 265, 10, 15, 3, 15
2024/2/21, , 140, 4, 6, 1, 12
2023/7/20, , 71, 1, 12, 3, 9
2023/7/25, , 61, 3, 14, 4, 11
2023/8/18, , 85, 2, 1, 3, 9
2023/8/19, , 80, 2, 2, 3, 9
2023/8/20, , 76, 2, 1, 3, 10
2022/10/5, , 59, 16, 9, 6, 9
2022/7/31, , 75, , 9, 3, 7
2022/6/5, , 376, 53, 27, 8, 12
2022/6/26, , 78, 15, 9, 3, 7
2021/1/3, , 106, 8, 20, 4, 14
2021/3/21, , 204, 3, 11, 3, 10
2021/3/29, , 591, 25, 8, 4, 2
2020/9/4, , 52, 16, 13, 3, 9
2019/12/31, , 455, 2, 91, 3, 26
2020/3/16, , 179, 5, 36, 2, 
2018/12/31, , 515, 18, 46, 11, 33
2018/9/30, , 143, 20, 21, 6, 16
2018/6/2, , 114, 38, 10, 8, 11
2018/1/19, , 361, , , , 
2018/1/22, , 201, , , , 
2018/3/18, , 187, 5, 28, 12, 12